path,filename,category,phase,status,checks,gate,json_valid,size_bytes,sha256
README.md,README.md,documentation,documentation,PRESENT,,,,2340,6c63c9758fb08c7d63ab13af5b0ab293651636522c272b6a4d036123df35e392
data/processed/can_hil/phase5_10/phase5_10_cyber_physical_attack_scenarios.csv,phase5_10_cyber_physical_attack_scenarios.csv,dataset_csv,phase5_10,PRESENT,,,,46388782,f8cabaa9747d7088081eeaf0434eb5ed5efd58be031c28e88d71d7a6848f6691
data/processed/can_hil/phase5_10/phase5_10_cyber_physical_attack_scenarios.jsonl,phase5_10_cyber_physical_attack_scenarios.jsonl,dataset_jsonl,phase5_10,PRESENT,,,,100046388,8b2135899e8fe3b07c18a4ee8248b12c801ac410ce224181a15078e11a8831ac
data/processed/can_hil/phase5_10/phase5_10_cyber_physical_attack_schema.json,phase5_10_cyber_physical_attack_schema.json,schema,phase5_10,PRESENT,,,,1820,56116f6eda69a63a6c1ed380f923186974317412906a5c1a626b2c1b9247e9e5
data/processed/can_hil/phase5_11/phase5_11_predictive_detection.csv,phase5_11_predictive_detection.csv,dataset_csv,phase5_11,PRESENT,,,,1636108,906a984de8aef97504ae8c59489193c6c84ab5217ca41f51d80485ac468bb8f3
data/processed/can_hil/phase5_11/phase5_11_predictive_detection.jsonl,phase5_11_predictive_detection.jsonl,dataset_jsonl,phase5_11,PRESENT,,,,6866289,cd36c30e07d188f5ca0dadc0dc0bc76b1e4a247005946979705cea6ef753d7aa
data/processed/can_hil/phase5_11/phase5_11_predictive_detection_schema.json,phase5_11_predictive_detection_schema.json,schema,phase5_11,PRESENT,,,,13422,2718e7f49fec02bd4cfa418137963a7fee4b7837cacb2361e04c4d8646cab373
data/processed/can_hil/phase5_12/phase5_12_uncertainty_ood.csv,phase5_12_uncertainty_ood.csv,dataset_csv,phase5_12,PRESENT,,,,2443917,40d4788759e164faf671a202d1152b7e2d67b19c500fab50b203780e20ba949a
data/processed/can_hil/phase5_12/phase5_12_uncertainty_ood.jsonl,phase5_12_uncertainty_ood.jsonl,dataset_jsonl,phase5_12,PRESENT,,,,6395615,ad4b3832324805176908fe217b98c5e7be57a28443c157b74ea7e761396959fe
data/processed/can_hil/phase5_12/phase5_12_uncertainty_ood_schema.json,phase5_12_uncertainty_ood_schema.json,schema,phase5_12,PRESENT,,,,1810,022b16849570851e0d630f11adb61db07e3af010c866e57c92bdf1ac0b684b52
data/processed/can_hil/phase5_13/phase5_13_distribution_summary.json,phase5_13_distribution_summary.json,json_evidence,phase5_13,PRESENT,,,,8689,554e601dd66409f7e3661f9b02f9b2d04dc8168af6a2f020e3a191425d223ea5
data/processed/can_hil/phase5_13/phase5_13_extreme_ood_windows.csv,phase5_13_extreme_ood_windows.csv,dataset_csv,phase5_13,PRESENT,,,,9336,e24540230b330365433c1d7dd6c97e4cc7ffa11ea427a0a010cc6af4705d655b
data/processed/can_hil/phase5_13/phase5_13_extreme_uncertainty_windows.csv,phase5_13_extreme_uncertainty_windows.csv,dataset_csv,phase5_13,PRESENT,,,,9658,27a4642efefe1660e37c52633f027872277e8fc135073a2bc31a9f57b2f19d40
data/processed/can_hil/phase5_13/phase5_13_latency_realtime.csv,phase5_13_latency_realtime.csv,dataset_csv,phase5_13,PRESENT,,,,21896,5f99b535f0ab3c18b67d978294287306a028896abf4052c9db3937445224ed41
data/processed/can_hil/phase5_13/phase5_13_latency_realtime.jsonl,phase5_13_latency_realtime.jsonl,dataset_jsonl,phase5_13,PRESENT,,,,36654,aea6f51b303237351effac809107a8ea2e7ca27db54924a4960c003a027683ae
data/processed/can_hil/phase5_13/phase5_13_latency_realtime_schema.json,phase5_13_latency_realtime_schema.json,schema,phase5_13,PRESENT,,,,1146,625208e82e51ce3c65fee2ac4656c72c09b2257691077aa958093040b190d4bf
data/processed/can_hil/phase5_13/phase5_13_scenario_summary.csv,phase5_13_scenario_summary.csv,dataset_csv,phase5_13,PRESENT,,,,2722,363bd2307f4443b6bd8509f11dc490a3f5b35e50db55f6e91434e307103d3ab3
data/processed/can_hil/phase5_14/phase5_14_forensic_evidence.csv,phase5_14_forensic_evidence.csv,dataset_csv,phase5_14,PRESENT,,,,1440382,9c6aa37b6572f668112b326043a8602bc9726249b6fab04408faf5830db8c775
data/processed/can_hil/phase5_14/phase5_14_forensic_evidence.jsonl,phase5_14_forensic_evidence.jsonl,dataset_jsonl,phase5_14,PRESENT,,,,2872360,001abef18cf2420c558e0779b3867f351358975a760a2e5066d17412feff7402
data/processed/can_hil/phase5_14/phase5_14_forensic_evidence_schema.json,phase5_14_forensic_evidence_schema.json,schema,phase5_14,PRESENT,,,,870,48226755dc37d5114758347eaa0d93b9a9882c3c9722c6360dace48fc6465734
data/processed/can_hil/phase5_15/phase5_15_integrity_validation.csv,phase5_15_integrity_validation.csv,dataset_csv,phase5_15,PRESENT,,,,2222,b84d584ed109cb1985eb33f08cb6137b69215a4d81f0adbbc051310a8f136dac
data/processed/can_hil/phase5_15/phase5_15_integrity_validation.jsonl,phase5_15_integrity_validation.jsonl,dataset_jsonl,phase5_15,PRESENT,,,,4294,4f286aac419a82ff9ba3d05799e11fd79a0f7f29373581450cb31d6255bff6c7
data/processed/can_hil/phase5_15/phase5_15_integrity_validation_schema.json,phase5_15_integrity_validation_schema.json,schema,phase5_15,PRESENT,,,,864,ac42f9fd128783f254b19789fbc504b47f3dea740056eaf2db47083e930df16b
data/processed/can_hil/phase5_16/phase5_16_connectivity_recovery.csv,phase5_16_connectivity_recovery.csv,dataset_csv,phase5_16,PRESENT,,,,3727,24ef250be739dfc17bf5c1a6f0aba4e9a39d0a010754d2948b0e953b3c3d0cfe
data/processed/can_hil/phase5_16/phase5_16_connectivity_recovery.jsonl,phase5_16_connectivity_recovery.jsonl,dataset_jsonl,phase5_16,PRESENT,,,,11532,bfa3e299943a0dbc0e424c5593c7f2740a1a802d24936adb4f6c6086ad569d48
data/processed/can_hil/phase5_16/phase5_16_connectivity_recovery_schema.json,phase5_16_connectivity_recovery_schema.json,schema,phase5_16,PRESENT,,,,681,512f943183842acfbf31ca8c1dd665f968e7d749f7e0b71ad44aebb6644da97c
data/processed/can_hil/phase5_17/phase5_17_secure_synchronization.csv,phase5_17_secure_synchronization.csv,dataset_csv,phase5_17,PRESENT,,,,3056,f3c7f8594208593ef60f4f9ec048d21ec943000733b986cf53a346207868358d
data/processed/can_hil/phase5_17/phase5_17_secure_synchronization.jsonl,phase5_17_secure_synchronization.jsonl,dataset_jsonl,phase5_17,PRESENT,,,,7314,a669429a2fc33429666f8fc8e34ec4109fab973edd4846ee2e709438348ed8ea
data/processed/can_hil/phase5_17/phase5_17_secure_synchronization_schema.json,phase5_17_secure_synchronization_schema.json,schema,phase5_17,PRESENT,,,,1154,bb4d6bbbaa0a843ae29d42cafc7c5b39df923e0449b51f4d3c451bf107cf71ad
data/processed/can_hil/phase5_18/phase5_18_adversarial_integrity_validation.csv,phase5_18_adversarial_integrity_validation.csv,dataset_csv,phase5_18,PRESENT,,,,2182,3ddca002e54caf93660676f790d558ca52eda8e31fea6997b331e9e293f54764
data/processed/can_hil/phase5_18/phase5_18_adversarial_integrity_validation.jsonl,phase5_18_adversarial_integrity_validation.jsonl,dataset_jsonl,phase5_18,PRESENT,,,,6284,9e65b1673a8e053f11c8d7fb9d85f6d44f9052dc79a6e97de17b44f3d6bb69e9
data/processed/can_hil/phase5_18/phase5_18_adversarial_integrity_validation_schema.json,phase5_18_adversarial_integrity_validation_schema.json,schema,phase5_18,PRESENT,,,,878,2356d85fb0ccd1995c9e19b48dfde90940613daefafdbaa494b39a1b51e5ca7d
data/processed/can_hil/phase5_19/phase5_19_end_to_end_resilience_validation.csv,phase5_19_end_to_end_resilience_validation.csv,dataset_csv,phase5_19,PRESENT,,,,3037,d8a77498ed132f450352978505c47dc4bb0258d91eb7f108b336bec5005efc38
data/processed/can_hil/phase5_19/phase5_19_end_to_end_resilience_validation.jsonl,phase5_19_end_to_end_resilience_validation.jsonl,dataset_jsonl,phase5_19,PRESENT,,,,7444,5339c47319e13c72a807febaf07f7fee65efa8658605a15485341a0b78ac6ca5
data/processed/can_hil/phase5_19/phase5_19_end_to_end_resilience_validation_schema.json,phase5_19_end_to_end_resilience_validation_schema.json,schema,phase5_19,PRESENT,,,,818,d007d7a3167c818c760a533482b04c26ac7ac8c5cd2ca1d89e3307ec66a2998c
data/processed/can_hil/phase5_20/phase5_20_resilience_scorecard.csv,phase5_20_resilience_scorecard.csv,dataset_csv,phase5_20,PRESENT,,,,4143,04e13f71483d8ff48397ebe53337139beedfc95a88dec87501e624e93ca6b0c2
data/processed/can_hil/phase5_20/phase5_20_resilience_scorecard.jsonl,phase5_20_resilience_scorecard.jsonl,dataset_jsonl,phase5_20,PRESENT,,,,10554,892afa9b378132aed4a66b24883d0ae4e4e87d452d84485068227886f79ba533
data/processed/can_hil/phase5_20/phase5_20_resilience_scorecard_schema.json,phase5_20_resilience_scorecard_schema.json,schema,phase5_20,PRESENT,,,,1007,d0c0baaab6af6a964baa8ac6374106921e8a302a6eb5150d67fa188f9b468fb6
data/processed/can_hil/phase5_21/phase5_21_resilience_evidence_matrix.csv,phase5_21_resilience_evidence_matrix.csv,dataset_csv,phase5_21,PRESENT,,,,4869,f0773a7e1d5b4bc9ab7b5db46f764912cc909c3541a37083faf942bc5cc826f7
data/processed/can_hil/phase5_21/phase5_21_resilience_evidence_matrix.jsonl,phase5_21_resilience_evidence_matrix.jsonl,dataset_jsonl,phase5_21,PRESENT,,,,11494,342eaad665f7440dafffc34d2c0519e3ec830a83934003e16e6b4746cc76ac8f
data/processed/can_hil/phase5_21/phase5_21_resilience_evidence_matrix_schema.json,phase5_21_resilience_evidence_matrix_schema.json,schema,phase5_21,PRESENT,,,,1058,745ea85fb0dd5248e2aebfe0d8ad5af121c609e1d699b749a82c7e3f71d18e0f
data/processed/can_hil/phase5_4/virtual_ev_decoded_features.csv,virtual_ev_decoded_features.csv,dataset_csv,phase5_4,PRESENT,,,,303376,495ded7c623199424aebd05d74d5c63fe1aa7d8dab1a965e1b023cfa8c71de6d
data/processed/can_hil/phase5_4/virtual_ev_decoded_features.jsonl,virtual_ev_decoded_features.jsonl,dataset_jsonl,phase5_4,PRESENT,,,,1178680,aba44ecf6770e34510a7fc59780505327aeb14bae98af61075cbf5fd23f6a099
data/processed/can_hil/phase5_5/virtual_ev_cyber_physical_features.csv,virtual_ev_cyber_physical_features.csv,dataset_csv,phase5_5,PRESENT,,,,324725,9cc352ee55aa69de1ff6fd75ec6ebacd98ef5e2bd92979f29451744178d2e6ce
data/processed/can_hil/phase5_5/virtual_ev_cyber_physical_features.jsonl,virtual_ev_cyber_physical_features.jsonl,dataset_jsonl,phase5_5,PRESENT,,,,1240176,fe2677197389c19e2c14fe663f81b35beea8976c8b25193f92a38c9d16769aa4
data/processed/can_hil/phase5_6/ev_safety_requirements_evaluation.csv,ev_safety_requirements_evaluation.csv,dataset_csv,phase5_6,PRESENT,,,,3672116,0a58960f6142fad4876a7eacf986c1d59f503dc47c53559a858505232b3c6bcf
data/processed/can_hil/phase5_6/ev_safety_requirements_evaluation.jsonl,ev_safety_requirements_evaluation.jsonl,dataset_jsonl,phase5_6,PRESENT,,,,6818424,0b012b727fbe483f17dacb2ab6f462d5df6dec1917d2723f4590cd7efd23a1fa
data/processed/can_hil/phase5_7/can_ev_frozen_transformer_predictions.csv,can_ev_frozen_transformer_predictions.csv,dataset_csv,phase5_7,PRESENT,,,,168951,f8b5283c3e85f1bc8b4e6e3bde6cc88ee2c61eb45dc03299a6432a593d0fcd03
data/processed/can_hil/phase5_7/can_ev_frozen_transformer_predictions.jsonl,can_ev_frozen_transformer_predictions.jsonl,dataset_jsonl,phase5_7,PRESENT,,,,867010,1286d41730180f36d2e9f0e74333d9e47720ab5692270b5b73fa30b76b6dbf9e
data/processed/can_hil/phase5_7/phase5_7_model_input_contract.json,phase5_7_model_input_contract.json,json_evidence,phase5_7,PRESENT,,,,3171,e22097c01d29cc5c711b0f9b5916106fb676b830da86f2a8c033ee25ba5e7335
data/processed/can_hil/phase5_8/phase5_8_ground_truth_experiment_log.csv,phase5_8_ground_truth_experiment_log.csv,dataset_csv,phase5_8,PRESENT,,,,650495,902089a51ed1920f98ddaea652253b1637bd6de1bb418c743ba77cb41c1266a1
data/processed/can_hil/phase5_8/phase5_8_ground_truth_experiment_log.jsonl,phase5_8_ground_truth_experiment_log.jsonl,dataset_jsonl,phase5_8,PRESENT,,,,2535479,54df0907eaf7dfd313f0e25657cdc78b73871b78e5c35dcad976135e873e1bab
data/processed/can_hil/phase5_8/phase5_8_ground_truth_schema.json,phase5_8_ground_truth_schema.json,schema,phase5_8,PRESENT,,,,1916,8849960d031db30e17caec5bfb7c7f98ef8af2b2b055c8f9e543189abe82e40f
data/processed/can_hil/phase5_9/phase5_9_controlled_can_anomalies.csv,phase5_9_controlled_can_anomalies.csv,dataset_csv,phase5_9,PRESENT,,,,78013104,58799e7bf1287ba6bb29fdb0ffec2bae35a55c682f2adb08043d04db7d1423f5
data/processed/can_hil/phase5_9/phase5_9_controlled_can_anomalies.jsonl,phase5_9_controlled_can_anomalies.jsonl,dataset_jsonl,phase5_9,PRESENT,,,,188709509,6b38dec07f1a8a741a07ab680f6cbee76871c07b28345954a00bb7bdfa94ba97
data/processed/can_hil/phase5_9/phase5_9_controlled_can_anomaly_schema.json,phase5_9_controlled_can_anomaly_schema.json,schema,phase5_9,PRESENT,,,,5887,03b9c708651efe3d2ceb38f1ad65d362d87cbb6675013b56671a78e0e9cde906
data/processed/can_hil/phase6_2/phase6_2_corrected_ood.csv,phase6_2_corrected_ood.csv,dataset_csv,phase6_2,PRESENT,,,,898450,b5e356442180d124dd3bc625aeba9bb120d9d5352c9c966aab1e570ffee534ff
data/processed/can_hil/phase6_2/phase6_2_corrected_ood.jsonl,phase6_2_corrected_ood.jsonl,dataset_jsonl,phase6_2,PRESENT,,,,2060294,d4c323b7eb198097ec3fe3ca501d1cb5420309d3f8e636869ce85b4977dff5a5
data/processed/can_hil/phase6_2/phase6_2_corrected_ood_schema.json,phase6_2_corrected_ood_schema.json,schema,phase6_2,PRESENT,,,,1367,659b344288a476051c3f2cff5fb2e17733e7d5bbee0fe032c51fa7c6e0771bc9
data/processed/can_hil/phase6_3/phase6_3_ood_scenario_summary.csv,phase6_3_ood_scenario_summary.csv,dataset_csv,phase6_3,PRESENT,,,,3083,e85a5e323fc424927553a8018451fcfa5a79880775cb5bcfdfde4e2cc75e619a
data/processed/can_hil/phase6_3/phase6_3_ood_scientific_review.json,phase6_3_ood_scientific_review.json,json_evidence,phase6_3,PRESENT,,,,2229,191fbfbb54e6f744d3152bdf7eb1875ef75333c2656a897ecc1fc06194cc6330
data/processed/can_hil/phase6_4/phase6_4_ood_calibration_summary.csv,phase6_4_ood_calibration_summary.csv,dataset_csv,phase6_4,PRESENT,,,,1927,241a7147e43ab418996a582357fda37e275de73166f9248bbf05b8bb62303343
data/processed/can_hil/phase6_4/phase6_4_uncertainty_calibration.json,phase6_4_uncertainty_calibration.json,json_evidence,phase6_4,PRESENT,,,,2393,2669838c5d0e46cb89b04bc7179d6b1ba7729159f7b49b46fa0804436d2e0513
data/processed/crss_2024/crash_features.parquet,crash_features.parquet,other,non_phase,PRESENT,,,,470861,4982622117d48613ecfaf9cbe87e095ddb576e232ca0790a318022486f2df0f8
data/processed/crss_2024/cyber_physical_feature_spec.json,cyber_physical_feature_spec.json,json_evidence,non_phase,PRESENT,,,,1638,5c68af2f17174d6712c743e047894cab3d5b4f1276194bcdd9eff0dcef0d224d
data/processed/crss_2024/cyber_physical_features.parquet,cyber_physical_features.parquet,other,non_phase,PRESENT,,,,724598,a1f4cad95681670e4060a77fb6a1dd9c5f3fb16e82e0a72d6102812fb2a40f74
data/processed/crss_2024/environment_features.parquet,environment_features.parquet,other,non_phase,PRESENT,,,,403019,8b3e606c221d15fb3d62b92933a6748b9862da03a3425dd499e3e737b38780cd
data/processed/crss_2024/event_features.parquet,event_features.parquet,other,non_phase,PRESENT,,,,1286281,5bb5ad86438e027e28895d6d04c4703b607528ee50349121ead1dc43e2eb0289
data/processed/crss_2024/occupant_features.parquet,occupant_features.parquet,other,non_phase,PRESENT,,,,1364975,96cc851932a57d78429cb95b25f6891c95bcfde66b378cb36a3b426f2824c20c
data/processed/crss_2024/phase1_quality_report.json,phase1_quality_report.json,json_evidence,non_phase,PRESENT,,,,1182,0305ea6fa4857119f2e1f9ce67087b010b96b8a61850e33a5beedabed3ef11ce
data/processed/crss_2024/vehicle_features.parquet,vehicle_features.parquet,other,non_phase,PRESENT,,,,1299509,32e034ee0e50b125da05a3058a1e9ddd60e5b2ad809be66cf4ff040cb591e775
data/processed/cyber_telemetry/crss_2024_cyber_telemetry.parquet,crss_2024_cyber_telemetry.parquet,other,non_phase,PRESENT,,,,25871157,91a67793ce16ccd5dcbe644c5b039b2104141aa678982c6d16fe16fed48e3212
data/processed/modeling/sequences/X_test.npy,X_test.npy,other,non_phase,PRESENT,,,,93331616,66e4b2e01f2f3c2792f2d8732dab0fcb8cd3e4f20fe0cf9af1af84dfadec175f
data/processed/modeling/sequences/X_train.npy,X_train.npy,other,non_phase,PRESENT,,,,432379904,ccce45c4383aae989f51695610f051191dca8326d77334b9f54ddc7b7578673e
data/processed/modeling/sequences/X_validation.npy,X_validation.npy,other,non_phase,PRESENT,,,,92097920,5f28bbdb1d4e381227b3021729d881fe2a19f9061f4d9148f4d8c853c00b743f
data/processed/modeling/sequences/crss_2024_sequence_metadata.json,crss_2024_sequence_metadata.json,json_evidence,non_phase,PRESENT,,,,3907,a40bba790f02fd34bbb147e9b386c1a27d5a9a3a6c9012f12f91956d54df02dc
data/processed/modeling/sequences/scenario_ids_test.npy,scenario_ids_test.npy,other,non_phase,PRESENT,,,,1205112,ef1e63852daadd3c46d0cb113a28ed84fc5e91a01ff4019a4bd65d3fdedc2b30
data/processed/modeling/sequences/scenario_ids_train.npy,scenario_ids_train.npy,other,non_phase,PRESENT,,,,5836240,46e751e7aa5d87813a8067585594cb692892a09e6d5c8f8d63cacbf85891ff26
data/processed/modeling/sequences/scenario_ids_validation.npy,scenario_ids_validation.npy,other,non_phase,PRESENT,,,,1189184,2260c9e5e5fc40b6a966f6921a8564f8fe0d268b0e55b983c0958bb80b58bf91
data/processed/modeling/sequences/v2/X_test_v2.npy,X_test_v2.npy,other,non_phase,PRESENT,,,,82815392,0152219828289aac8d5472b1ba14ce2954d7ff199c21f103d0ade888d1724652
data/processed/modeling/sequences/v2/X_train_v2.npy,X_train_v2.npy,other,non_phase,PRESENT,,,,383661056,860d2e4a220c03d52aa3b40dbd908b9c00f2e7da95043efd5675ead0bda6baf8
data/processed/modeling/sequences/v2/X_validation_v2.npy,X_validation_v2.npy,other,non_phase,PRESENT,,,,81720704,433de9c13d4114da2ea9b3c8ee0497bd69eea854c58ddcc0a82304546174e944
data/processed/modeling/sequences/v2/crss_2024_sequence_metadata_v2.json,crss_2024_sequence_metadata_v2.json,json_evidence,non_phase,PRESENT,,,,3284,3a107cf466c30e5b28e6236392a130f38fd8245dd1f6f520705f9eb39e859ac6
data/processed/modeling/sequences/v2/scenario_ids_test_v2.npy,scenario_ids_test_v2.npy,other,non_phase,PRESENT,,,,342674,9fd428a7a4e9fc440b04749593e21c37b6c3dd2b6ee01316211a47c71d39dddb
data/processed/modeling/sequences/v2/scenario_ids_train_v2.npy,scenario_ids_train_v2.npy,other,non_phase,PRESENT,,,,1586521,cd03f1e7db5a26fa8e31286b3d3e44a7b698426e32d5678c047de76717f93c41
data/processed/modeling/sequences/v2/scenario_ids_validation_v2.npy,scenario_ids_validation_v2.npy,other,non_phase,PRESENT,,,,338149,cb4fdc92e8cfc44675a7bd58e89ac3d237ff370e21e48c2ecf410b6d7a119058
data/processed/modeling/sequences/v2/y_3step_test_v2.npy,y_3step_test_v2.npy,other,non_phase,PRESENT,,,,13821,79fc918e6deb6736bd953ce2f786173841e5dfb7dea4f3b7bcf57e710e73ad03
data/processed/modeling/sequences/v2/y_3step_train_v2.npy,y_3step_train_v2.npy,other,non_phase,PRESENT,,,,63564,5429730a9568e7591ed6eb8842bb3b7f06770f0619579d798b9ff49c034c8a0e
data/processed/modeling/sequences/v2/y_3step_validation_v2.npy,y_3step_validation_v2.npy,other,non_phase,PRESENT,,,,13640,a1b26b205d5adea07129ed100192a49dba2bb15e84baae56e3b9d8bca5a1858d
data/processed/modeling/sequences/v2/y_6step_test_v2.npy,y_6step_test_v2.npy,other,non_phase,PRESENT,,,,13821,79fc918e6deb6736bd953ce2f786173841e5dfb7dea4f3b7bcf57e710e73ad03
data/processed/modeling/sequences/v2/y_6step_train_v2.npy,y_6step_train_v2.npy,other,non_phase,PRESENT,,,,63564,5429730a9568e7591ed6eb8842bb3b7f06770f0619579d798b9ff49c034c8a0e
data/processed/modeling/sequences/v2/y_6step_validation_v2.npy,y_6step_validation_v2.npy,other,non_phase,PRESENT,,,,13640,a1b26b205d5adea07129ed100192a49dba2bb15e84baae56e3b9d8bca5a1858d
data/processed/modeling/sequences/v2_forecasting/X_test_v2_forecasting.npy,X_test_v2_forecasting.npy,other,non_phase,PRESENT,,,,289853552,37809a4e846f3fb8ef8fe76174e34095d280cf693f5b9b76693e02ec0ff632a7
data/processed/modeling/sequences/v2_forecasting/X_train_v2_forecasting.npy,X_train_v2_forecasting.npy,other,non_phase,PRESENT,,,,1342813376,72835bedf02598f53d813257ba5c0d5f26a960f1a8ab69b967c6b6c6d67f0391
data/processed/modeling/sequences/v2_forecasting/X_validation_v2_forecasting.npy,X_validation_v2_forecasting.npy,other,non_phase,PRESENT,,,,286022144,ccfa0c3a64e55dbf34da6c57eadd2c92c71a8d1d9e9ec4e2ad648313554743e1
data/processed/modeling/sequences/v2_forecasting/crss_2024_forecasting_tensor_metadata.json,crss_2024_forecasting_tensor_metadata.json,json_evidence,non_phase,PRESENT,,,,4021,4a7cb39b777830057d5c3883ff039bd9e2069fe9cd8cf86feefe870dcebf266e
data/processed/modeling/sequences/v2_forecasting/prediction_origins_test_v2_forecasting.npy,prediction_origins_test_v2_forecasting.npy,other,non_phase,PRESENT,,,,95979,e8e501ad51263cf103aa51eca46e7ee29613efa7ca744390d414a0968b2bf42b
data/processed/modeling/sequences/v2_forecasting/prediction_origins_train_v2_forecasting.npy,prediction_origins_train_v2_forecasting.npy,other,non_phase,PRESENT,,,,444180,866467f98aaf6713c9b621a0164335f245d6e5d6b3f5c755df08265d9263e4de
data/processed/modeling/sequences/v2_forecasting/prediction_origins_validation_v2_forecasting.npy,prediction_origins_validation_v2_forecasting.npy,other,non_phase,PRESENT,,,,94712,a4f871be38d9ada3d83ac2a249cf12954427aeabb14d6922684612569605e316
data/processed/modeling/sequences/v2_forecasting/scenario_ids_test_v2_forecasting.npy,scenario_ids_test_v2_forecasting.npy,other,non_phase,PRESENT,,,,8818420,ffae679211e68b318554fcf8c89b096e3ed2f9a4668d8e0882366b38abde7769
data/processed/modeling/sequences/v2_forecasting/scenario_ids_train_v2_forecasting.npy,scenario_ids_train_v2_forecasting.npy,other,non_phase,PRESENT,,,,40852912,a005f43f47e503621c1ad7a72a07f37a4ee33534f4ee1f26d4ad612322d17774
data/processed/modeling/sequences/v2_forecasting/scenario_ids_validation_v2_forecasting.npy,scenario_ids_validation_v2_forecasting.npy,other,non_phase,PRESENT,,,,8701856,cd3170162ad96406c6d658ffc8c644d5dfc4fbcbda747cb04ca83bc08a0f9f6f
data/processed/modeling/sequences/v2_forecasting/y_3step_test_v2_forecasting.npy,y_3step_test_v2_forecasting.npy,other,non_phase,PRESENT,,,,95979,e7e6fc23ca01bb394758d0fa48b4385c4e89b969fc1c6e9291b46c15fdcd5dff
data/processed/modeling/sequences/v2_forecasting/y_3step_train_v2_forecasting.npy,y_3step_train_v2_forecasting.npy,other,non_phase,PRESENT,,,,444180,1ff495ae418b67287f410062b6f32dbea621af7866e9e340710128cf9696bf29
data/processed/modeling/sequences/v2_forecasting/y_3step_validation_v2_forecasting.npy,y_3step_validation_v2_forecasting.npy,other,non_phase,PRESENT,,,,94712,cfc8da667b5c8013d8363a80221f1a63613b0f701431531b9fb5c3443ff1cb36
data/processed/modeling/sequences/v2_forecasting/y_6step_test_v2_forecasting.npy,y_6step_test_v2_forecasting.npy,other,non_phase,PRESENT,,,,95979,3177572a08a189a068fe2e9b81b7b6785d1a80270a582a6a52313a91d3595bef
data/processed/modeling/sequences/v2_forecasting/y_6step_train_v2_forecasting.npy,y_6step_train_v2_forecasting.npy,other,non_phase,PRESENT,,,,444180,ed528bcf53e8e9ae227fa6d7756aaf4748ab368feea403a1621b1c104cf09f17
data/processed/modeling/sequences/v2_forecasting/y_6step_validation_v2_forecasting.npy,y_6step_validation_v2_forecasting.npy,other,non_phase,PRESENT,,,,94712,77ba86172eca53015921f75de96d79eeae1c210a1464d8abc28bcaf94028434f
data/processed/modeling/sequences/y_3step_test.npy,y_3step_test.npy,other,non_phase,PRESENT,,,,13821,79fc918e6deb6736bd953ce2f786173841e5dfb7dea4f3b7bcf57e710e73ad03
data/processed/modeling/sequences/y_3step_train.npy,y_3step_train.npy,other,non_phase,PRESENT,,,,63564,5429730a9568e7591ed6eb8842bb3b7f06770f0619579d798b9ff49c034c8a0e
data/processed/modeling/sequences/y_3step_validation.npy,y_3step_validation.npy,other,non_phase,PRESENT,,,,13640,a1b26b205d5adea07129ed100192a49dba2bb15e84baae56e3b9d8bca5a1858d
data/processed/modeling/sequences/y_6step_test.npy,y_6step_test.npy,other,non_phase,PRESENT,,,,13821,79fc918e6deb6736bd953ce2f786173841e5dfb7dea4f3b7bcf57e710e73ad03
data/processed/modeling/sequences/y_6step_train.npy,y_6step_train.npy,other,non_phase,PRESENT,,,,63564,5429730a9568e7591ed6eb8842bb3b7f06770f0619579d798b9ff49c034c8a0e
data/processed/modeling/sequences/y_6step_validation.npy,y_6step_validation.npy,other,non_phase,PRESENT,,,,13640,a1b26b205d5adea07129ed100192a49dba2bb15e84baae56e3b9d8bca5a1858d
data/processed/modeling/splits/crss_2024_scenario_split.csv,crss_2024_scenario_split.csv,dataset_csv,non_phase,PRESENT,,,,5922553,f08c87a15306776b2dbbe890ec9c60211fb35e15133ecda86c4dd153d7a5c15c
data/processed/phase6_1/phase6_1_integrated_validation.csv,phase6_1_integrated_validation.csv,dataset_csv,phase6_1,PRESENT,,,,14664,4e59c3497e91bba61108332ff75ac673576ae7acf6bc8ae41fb5c254d8a3f8fd
data/processed/phase6_1/phase6_1_integrated_validation.jsonl,phase6_1_integrated_validation.jsonl,dataset_jsonl,phase6_1,PRESENT,,,,19196,8a625b3c68c1543b3c16307be991811ccda9157e38011aa38fe21a15818e1e07
data/processed/phase6_1/phase6_1_integrated_validation_schema.json,phase6_1_integrated_validation_schema.json,schema,phase6_1,PRESENT,,,,395,8792db058b555c23af577114f697b855ed74f177b73fd7981a25b3a968bfde5f
data/processed/phase6_2/phase6_2_corrected_ood.csv,phase6_2_corrected_ood.csv,dataset_csv,phase6_2,PRESENT,,,,934068,2dff46724670624e1618972c119dbaa01bc8367ab617b529eb3a0f94dbe6cf0c
data/processed/phase6_2/phase6_2_corrected_ood.jsonl,phase6_2_corrected_ood.jsonl,dataset_jsonl,phase6_2,PRESENT,,,,3819214,9662951fd6c7e4e41b5462103d083bae496cb68db30240b58fc1eb5d9ef24080
data/processed/phase6_2/phase6_2_corrected_ood_schema.json,phase6_2_corrected_ood_schema.json,schema,phase6_2,PRESENT,,,,2955,c59133e19c26f4a23f85522bee8e5982e448cddf5600a243552a5088b11efdf6
data/processed/temporal/crss_2024_temporal_cyber_physical_states.parquet,crss_2024_temporal_cyber_physical_states.parquet,other,non_phase,PRESENT,,,,55695680,f7df9fc6d7c1a2e5a868676ea89975839cccde768c9701938fe1b886772ec9b9
data/processed/temporal/crss_2024_temporal_sequence_summary.parquet,crss_2024_temporal_sequence_summary.parquet,other,non_phase,PRESENT,,,,3280221,9aef69bb333e2c4fdb49f020001916c38b6665a869a8b8b9c00aa2b259f251e5
data/processed/temporal/v2/crss_2024_temporal_cyber_physical_states_v2.parquet,crss_2024_temporal_cyber_physical_states_v2.parquet,other,non_phase,PRESENT,,,,57446708,63c745f15449fd0c460179b31e76d5bd689487458fe91953b62b8c8260e2e76f
data/processed/temporal/v2/crss_2024_temporal_sequence_summary_v2.parquet,crss_2024_temporal_sequence_summary_v2.parquet,other,non_phase,PRESENT,,,,3740878,e8ab25cc87baa00a151a26dc6ba1acbd4665279a01c5ed84fe738e5db119f42d
docs/connectivity_resilience.md,connectivity_resilience.md,documentation,documentation,PRESENT,,,,3459,c561f7ec2c56878859ad9d3775032a482490743547549218303e72eb19d7c995
docs/cortex_xdr_integration.md,cortex_xdr_integration.md,documentation,documentation,PRESENT,,,,10274,ba39ee0ad5919d2458cf6346350a56bddb5e51988de12eeaa7a5b0a18faf745d
docs/data_architecture.md,data_architecture.md,documentation,documentation,PRESENT,,,,7554,dfb847a5e5253339cd3704f81347101557b80dc3f299b09215aff0d51d3f2f69
docs/research_questions.md,research_questions.md,documentation,documentation,PRESENT,,,,3064,1b2f380192f54414bc7c16ab52aac56ad5fe8e1619984b071825f246834e7a64
docs/safety_architecture.md,safety_architecture.md,documentation,documentation,PRESENT,,,,7741,f80fcb4921dd84e7d65d566025a3829d7974a5f98d5b248ad157b49f6097bcda
docs/system_architecture.md,system_architecture.md,documentation,documentation,PRESENT,,,,4820,7db89c1aa83fc33017fcfc3adbafc4592d898f7e4afcafed69621100d54693da
docs/threat_model.md,threat_model.md,documentation,documentation,PRESENT,,,,3504,3bc21a1979376f650ce033a2ca111213d7ccc18797932d5f1be9921a8e03fa38
experiments/can_hil/phase5_10/phase5_10_cyber_physical_attack_manifest.json,phase5_10_cyber_physical_attack_manifest.json,manifest,phase5_10,PASS,,,True,1573,fc7fb44d4c8586de4b2702b431c3c9df99f61f8561e37c166a28e5bd6fcc01eb
experiments/can_hil/phase5_11/phase5_11_predictive_detection_manifest.json,phase5_11_predictive_detection_manifest.json,manifest,phase5_11,PASS,,,True,13000,bb0cc3cf6338ad15653ed9c7621005740f77a8da0e3529ec9f0767b82049940a
experiments/can_hil/phase5_12/phase5_12_uncertainty_ood_manifest.json,phase5_12_uncertainty_ood_manifest.json,manifest,phase5_12,PASS,,,True,4268,046426e3d133677ac371de00a8002260d85e759a33713b2514817eb81d6470a9
experiments/can_hil/phase5_13/phase5_13_latency_realtime_manifest.json,phase5_13_latency_realtime_manifest.json,manifest,phase5_13,PASS,,,True,20747,aed23e82a9c12479c5649a54eab4a802cc710ec0773431d97747c0914a2164b5
experiments/can_hil/phase5_13/phase5_13_ood_uncertainty_manifest.json,phase5_13_ood_uncertainty_manifest.json,manifest,phase5_13,PASS,"{'PASS input_exists': True, 'PASS input_rows_positive': True, 'PASS required_columns_detected': True, 'PASS uncertainty_finite': True, 'PASS ood_finite': True, 'PASS y3_finite': True, 'PASS y6_finite': True, 'PASS scenarios_present': True, 'PASS scenario_csv_exists': True, 'PASS extreme_ood_csv_exists': True, 'PASS extreme_uncertainty_csv_exists': True, 'PASS summary_json_exists': True}",,True,1608,3c1a0437f2b73425ccd9a937da4ee95635579746b04d1e5d51a843021bd40ba4
experiments/can_hil/phase5_14/phase5_14_forensic_buffer_manifest.json,phase5_14_forensic_buffer_manifest.json,manifest,phase5_14,PASS,,,True,8232,5d649ceb0ed61e9268ba45b2aea7123459a3eb64eb1dc95deda09117a07e69dd
experiments/can_hil/phase5_15/phase5_15_integrity_tamper_manifest.json,phase5_15_integrity_tamper_manifest.json,manifest,phase5_15,PASS,,,True,7086,b5c1f188e3f99de4b916291daff4e8fef15c5f9d34d304ea14d4339aaa1a711f
experiments/can_hil/phase5_16/phase5_16_connectivity_recovery_manifest.json,phase5_16_connectivity_recovery_manifest.json,manifest,phase5_16,PASS,,,True,7906,f6de1f9d6b88dfb9c15b1f20e2448d2ebaa7c9ddaa9879d6b2ba6316823b9fae
experiments/can_hil/phase5_17/phase5_17_secure_synchronization_manifest.json,phase5_17_secure_synchronization_manifest.json,manifest,phase5_17,PASS,,,True,17826,6572e2abdb947ee51d4459dee0c0b7948f611acc7ae5804f23221e59f418739d
experiments/can_hil/phase5_18/phase5_18_adversarial_integrity_validation_manifest.json,phase5_18_adversarial_integrity_validation_manifest.json,manifest,phase5_18,PASS,,,True,15374,e52189c0a79d054d0c35d37b52516627b12b6d01ec509e9b1d35ea799aa41c5d
experiments/can_hil/phase5_19/phase5_19_end_to_end_resilience_validation_manifest.json,phase5_19_end_to_end_resilience_validation_manifest.json,manifest,phase5_19,PASS,,,True,16532,b1b588e94c2c32112765e5d28ac7db9b3d627a2602d682b40bac3a6bfd005334
experiments/can_hil/phase5_20/phase5_20_resilience_scorecard_manifest.json,phase5_20_resilience_scorecard_manifest.json,manifest,phase5_20,PASS,,,True,19518,93e46f38e4c3136042bfbf687a3b562cfd8dfbb474eade6a312b0c4c7bb55434
experiments/can_hil/phase5_21/phase5_21_resilience_evidence_matrix_manifest.json,phase5_21_resilience_evidence_matrix_manifest.json,manifest,phase5_21,PASS,,,True,19349,bf420122dcc7d7d2c34f7646bc9460ac5e1f9b61f84c01b1827bd046366abeff
experiments/can_hil/phase5_9/phase5_9_controlled_can_anomaly_manifest.json,phase5_9_controlled_can_anomaly_manifest.json,manifest,phase5_9,PASS,,,True,3668,1915ea48437bda004390199c0fc5c2b2501693ed93a42cf6c735812c3c34d2e2
experiments/final_release/final_integrated_audit.json,final_integrated_audit.json,release_artifact,final_release,PRESENT,,,,11006,3dedee513b9858a960f5518375dd917e4c360f9ef1ba3cd7cff6fc41ce4e53ee
experiments/final_release/final_integrated_audit_v2.json,final_integrated_audit_v2.json,release_artifact,final_release,PRESENT,,,,12798,808582c23fd26726152303239a4ac0cd3eae953728113c59b691158f69183887
experiments/integration/phase4_40/crss_2024_phase4_40_final_release_manifest.json,crss_2024_phase4_40_final_release_manifest.json,manifest,phase4_40,PASS,"{'phase4_37_report_present': True, 'phase4_37_status_pass': True, 'phase4_38_report_present': True, 'phase4_38_status_pass': True, 'phase4_39_report_present': True, 'phase4_39_status_pass': True, 'canonical_explainability_schema_present': True, 'canonical_explainability_schema_valid': True, 'artifact_registry_present': True, 'artifact_registry_status_pass': True, 'all_frozen_checkpoints_present': True, 'all_forecasting_tensors_present': True, 'no_unresolved_merge_conflicts': True}",,True,4962,7b63db9fbe4cf90a0c109938ea25d833881e8055ccf172ec7c7b530ef65e35da
experiments/modeling/v2/evidence/crss_2024_v2_phase4_25_evidence_manifest.json,crss_2024_v2_phase4_25_evidence_manifest.json,manifest,non_phase,PASS,,,True,6866,8df6ebabf2f54175cd829e74017ef40696a71a69aa4dc9c01d75cbe74f74c2fa
experiments/phase6_1/phase6_1_integrated_validation_manifest.json,phase6_1_integrated_validation_manifest.json,manifest,phase6_1,PASS_WITH_SCIENTIFIC_REVIEW_REQUIRED,,,True,2669,ad8b30ad0aebb5d0694db8fd5f0987d1db6b254e2071e8801d24d2ab2973e300
experiments/phase6_2/phase6_2_corrected_ood_manifest.json,phase6_2_corrected_ood_manifest.json,manifest,phase6_2,PASS,,,True,4767,3c2220d7e70de61d7c8611cc85feb92d79dc5e956622bb23ecd8d3b47b00d854
experiments/phase6_3/phase6_3_scientific_review_manifest.json,phase6_3_scientific_review_manifest.json,manifest,phase6_3,SCIENTIFIC_REVIEW_ACCEPTED_WITH_LIMITATIONS,,,True,1028,61e9cda06954415274f54a17823bc6cfff3aca2efe2fa5ab7162ad1078785bdd
experiments/phase6_4/phase6_4_uncertainty_calibration_manifest.json,phase6_4_uncertainty_calibration_manifest.json,manifest,phase6_4,PASS_WITH_CALIBRATION_LIMITATIONS,,,True,1032,184289ca28801edd8a631816b6b2aa8385022d87b0bee5efc25ddee9a1485eb4
experiments/release/final_release_manifest.json,final_release_manifest.json,release_artifact,final_release,PRESENT,,,,4962,7b63db9fbe4cf90a0c109938ea25d833881e8055ccf172ec7c7b530ef65e35da
models/v2/advanced/crss_2024_v2_temporal_transformer_best.pt,crss_2024_v2_temporal_transformer_best.pt,model_checkpoint,model,PRESENT,,,,4946461,d54cfc5fb5613fef5bdfd6ac4b2ce780ebd2e64ca47b7e57c630dae3d323a754
models/v2/advanced/crss_2024_v2_temporal_transformer_controlled_best.pt,crss_2024_v2_temporal_transformer_controlled_best.pt,model_checkpoint,model,PRESENT,,,,4967067,3dfa17f3c2630366eec1276ed09c9fbe78cc57535cdab603ec627fa2e1eb343a
models/v2/uncertainty/phase4_27/transformer_y6_seed_42_best.pt,transformer_y6_seed_42_best.pt,model_checkpoint,model,PRESENT,,,,1645912,7f1e099b2287d45daa5c241b30219100e4a5e4b1cff5649182e1c481c64e3c6a
models/v2/uncertainty/phase4_27/transformer_y6_seed_52_best.pt,transformer_y6_seed_52_best.pt,model_checkpoint,model,PRESENT,,,,1645912,7aaa5a29168f4b5cbcec14008c4dad17a4d9a8111690ddb1eecdc24e1327e844
models/v2/uncertainty/phase4_27/transformer_y6_seed_62_best.pt,transformer_y6_seed_62_best.pt,model_checkpoint,model,PRESENT,,,,1645912,47212e284dc47c1351fbf1aada838e40041cf69f9d91498c5bdf428b99ee8ac0
models/v2/uncertainty/phase4_27b_2/temporal_predictor_best.pt,temporal_predictor_best.pt,model_checkpoint,model,PRESENT,,,,789817,c4c0658d4ce8339081ec96cc31808176598bc61f0adf174c5bb7b702f9ce5eb4
