dataset,year,table,column_position,variable
CRSS,2024,accident.csv,1,CASENUM
CRSS,2024,accident.csv,2,PSU
CRSS,2024,accident.csv,3,PSU_VAR
CRSS,2024,accident.csv,4,PSUSTRAT
CRSS,2024,accident.csv,5,REGION
CRSS,2024,accident.csv,6,REGIONNAME
CRSS,2024,accident.csv,7,URBANICITY
CRSS,2024,accident.csv,8,URBANICITYNAME
CRSS,2024,accident.csv,9,STRATUM
CRSS,2024,accident.csv,10,STRATUMNAME
CRSS,2024,accident.csv,11,PJ
CRSS,2024,accident.csv,12,WEIGHT
CRSS,2024,accident.csv,13,PEDS
CRSS,2024,accident.csv,14,PERNOTMVIT
CRSS,2024,accident.csv,15,VE_TOTAL
CRSS,2024,accident.csv,16,VE_FORMS
CRSS,2024,accident.csv,17,PVH_INVL
CRSS,2024,accident.csv,18,PERMVIT
CRSS,2024,accident.csv,19,MONTH
CRSS,2024,accident.csv,20,MONTHNAME
CRSS,2024,accident.csv,21,DAY_WEEK
CRSS,2024,accident.csv,22,DAY_WEEKNAME
CRSS,2024,accident.csv,23,WKDY_IM
CRSS,2024,accident.csv,24,WKDY_IMNAME
CRSS,2024,accident.csv,25,YEAR
CRSS,2024,accident.csv,26,YEARNAME
CRSS,2024,accident.csv,27,HOUR
CRSS,2024,accident.csv,28,HOURNAME
CRSS,2024,accident.csv,29,HOUR_IM
CRSS,2024,accident.csv,30,HOUR_IMNAME
CRSS,2024,accident.csv,31,MINUTE
CRSS,2024,accident.csv,32,MINUTENAME
CRSS,2024,accident.csv,33,MINUTE_IM
CRSS,2024,accident.csv,34,MINUTE_IMNAME
CRSS,2024,accident.csv,35,HARM_EV
CRSS,2024,accident.csv,36,HARM_EVNAME
CRSS,2024,accident.csv,37,EVENT1_IM
CRSS,2024,accident.csv,38,EVENT1_IMNAME
CRSS,2024,accident.csv,39,MAN_COLL
CRSS,2024,accident.csv,40,MAN_COLLNAME
CRSS,2024,accident.csv,41,MANCOL_IM
CRSS,2024,accident.csv,42,MANCOL_IMNAME
CRSS,2024,accident.csv,43,RELJCT1
CRSS,2024,accident.csv,44,RELJCT1NAME
CRSS,2024,accident.csv,45,RELJCT1_IM
CRSS,2024,accident.csv,46,RELJCT1_IMNAME
CRSS,2024,accident.csv,47,RELJCT2
CRSS,2024,accident.csv,48,RELJCT2NAME
CRSS,2024,accident.csv,49,RELJCT2_IM
CRSS,2024,accident.csv,50,RELJCT2_IMNAME
CRSS,2024,accident.csv,51,TYP_INT
CRSS,2024,accident.csv,52,TYP_INTNAME
CRSS,2024,accident.csv,53,REL_ROAD
CRSS,2024,accident.csv,54,REL_ROADNAME
CRSS,2024,accident.csv,55,WRK_ZONE
CRSS,2024,accident.csv,56,WRK_ZONENAME
CRSS,2024,accident.csv,57,LGT_COND
CRSS,2024,accident.csv,58,LGT_CONDNAME
CRSS,2024,accident.csv,59,LGTCON_IM
CRSS,2024,accident.csv,60,LGTCON_IMNAME
CRSS,2024,accident.csv,61,WEATHER
CRSS,2024,accident.csv,62,WEATHERNAME
CRSS,2024,accident.csv,63,WEATHR_IM
CRSS,2024,accident.csv,64,WEATHR_IMNAME
CRSS,2024,accident.csv,65,SCH_BUS
CRSS,2024,accident.csv,66,SCH_BUSNAME
CRSS,2024,accident.csv,67,INT_HWY
CRSS,2024,accident.csv,68,INT_HWYNAME
CRSS,2024,accident.csv,69,MAX_SEV
CRSS,2024,accident.csv,70,MAX_SEVNAME
CRSS,2024,accident.csv,71,MAXSEV_IM
CRSS,2024,accident.csv,72,MAXSEV_IMNAME
CRSS,2024,accident.csv,73,NUM_INJ
CRSS,2024,accident.csv,74,NUM_INJNAME
CRSS,2024,accident.csv,75,NO_INJ_IM
CRSS,2024,accident.csv,76,NO_INJ_IMNAME
CRSS,2024,accident.csv,77,ALCOHOL
CRSS,2024,accident.csv,78,ALCOHOLNAME
CRSS,2024,accident.csv,79,ALCHL_IM
CRSS,2024,accident.csv,80,ALCHL_IMNAME
CRSS,2024,cevent.csv,1,CASENUM
CRSS,2024,cevent.csv,2,PSU
CRSS,2024,cevent.csv,3,PSU_VAR
CRSS,2024,cevent.csv,4,PSUSTRAT
CRSS,2024,cevent.csv,5,REGION
CRSS,2024,cevent.csv,6,REGIONNAME
CRSS,2024,cevent.csv,7,URBANICITY
CRSS,2024,cevent.csv,8,URBANICITYNAME
CRSS,2024,cevent.csv,9,STRATUM
CRSS,2024,cevent.csv,10,STRATUMNAME
CRSS,2024,cevent.csv,11,PJ
CRSS,2024,cevent.csv,12,WEIGHT
CRSS,2024,cevent.csv,13,EVENTNUM
CRSS,2024,cevent.csv,14,VNUMBER1
CRSS,2024,cevent.csv,15,AOI1
CRSS,2024,cevent.csv,16,AOI1NAME
CRSS,2024,cevent.csv,17,SOE
CRSS,2024,cevent.csv,18,SOENAME
CRSS,2024,cevent.csv,19,VNUMBER2
CRSS,2024,cevent.csv,20,VNUMBER2NAME
CRSS,2024,cevent.csv,21,AOI2
CRSS,2024,cevent.csv,22,AOI2NAME
CRSS,2024,crashrf.csv,1,CASENUM
CRSS,2024,crashrf.csv,2,PSU
CRSS,2024,crashrf.csv,3,PSU_VAR
CRSS,2024,crashrf.csv,4,PSUSTRAT
CRSS,2024,crashrf.csv,5,REGION
CRSS,2024,crashrf.csv,6,REGIONNAME
CRSS,2024,crashrf.csv,7,URBANICITY
CRSS,2024,crashrf.csv,8,URBANICITYNAME
CRSS,2024,crashrf.csv,9,STRATUM
CRSS,2024,crashrf.csv,10,STRATUMNAME
CRSS,2024,crashrf.csv,11,PJ
CRSS,2024,crashrf.csv,12,WEIGHT
CRSS,2024,crashrf.csv,13,CRASHRF
CRSS,2024,crashrf.csv,14,CRASHRFNAME
CRSS,2024,damage.csv,1,CASENUM
CRSS,2024,damage.csv,2,VEH_NO
CRSS,2024,damage.csv,3,PSU
CRSS,2024,damage.csv,4,PSU_VAR
CRSS,2024,damage.csv,5,PSUSTRAT
CRSS,2024,damage.csv,6,REGION
CRSS,2024,damage.csv,7,REGIONNAME
CRSS,2024,damage.csv,8,URBANICITY
CRSS,2024,damage.csv,9,URBANICITYNAME
CRSS,2024,damage.csv,10,STRATUM
CRSS,2024,damage.csv,11,STRATUMNAME
CRSS,2024,damage.csv,12,PJ
CRSS,2024,damage.csv,13,WEIGHT
CRSS,2024,damage.csv,14,DAMAGE
CRSS,2024,damage.csv,15,DAMAGENAME
CRSS,2024,distract.csv,1,CASENUM
CRSS,2024,distract.csv,2,VEH_NO
CRSS,2024,distract.csv,3,PSU
CRSS,2024,distract.csv,4,PSU_VAR
CRSS,2024,distract.csv,5,PSUSTRAT
CRSS,2024,distract.csv,6,REGION
CRSS,2024,distract.csv,7,REGIONNAME
CRSS,2024,distract.csv,8,URBANICITY
CRSS,2024,distract.csv,9,URBANICITYNAME
CRSS,2024,distract.csv,10,STRATUM
CRSS,2024,distract.csv,11,STRATUMNAME
CRSS,2024,distract.csv,12,PJ
CRSS,2024,distract.csv,13,WEIGHT
CRSS,2024,distract.csv,14,DRDISTRACT
CRSS,2024,distract.csv,15,DRDISTRACTNAME
CRSS,2024,drimpair.csv,1,CASENUM
CRSS,2024,drimpair.csv,2,VEH_NO
CRSS,2024,drimpair.csv,3,PSU
CRSS,2024,drimpair.csv,4,PSU_VAR
CRSS,2024,drimpair.csv,5,PSUSTRAT
CRSS,2024,drimpair.csv,6,REGION
CRSS,2024,drimpair.csv,7,REGIONNAME
CRSS,2024,drimpair.csv,8,URBANICITY
CRSS,2024,drimpair.csv,9,URBANICITYNAME
CRSS,2024,drimpair.csv,10,STRATUM
CRSS,2024,drimpair.csv,11,STRATUMNAME
CRSS,2024,drimpair.csv,12,PJ
CRSS,2024,drimpair.csv,13,WEIGHT
CRSS,2024,drimpair.csv,14,DRIMPAIR
CRSS,2024,drimpair.csv,15,DRIMPAIRNAME
CRSS,2024,driverrf.csv,1,CASENUM
CRSS,2024,driverrf.csv,2,VEH_NO
CRSS,2024,driverrf.csv,3,PSU
CRSS,2024,driverrf.csv,4,PSU_VAR
CRSS,2024,driverrf.csv,5,PSUSTRAT
CRSS,2024,driverrf.csv,6,REGION
CRSS,2024,driverrf.csv,7,REGIONNAME
CRSS,2024,driverrf.csv,8,URBANICITY
CRSS,2024,driverrf.csv,9,URBANICITYNAME
CRSS,2024,driverrf.csv,10,STRATUM
CRSS,2024,driverrf.csv,11,STRATUMNAME
CRSS,2024,driverrf.csv,12,PJ
CRSS,2024,driverrf.csv,13,WEIGHT
CRSS,2024,driverrf.csv,14,DRIVERRF
CRSS,2024,driverrf.csv,15,DRIVERRFNAME
CRSS,2024,factor.csv,1,CASENUM
CRSS,2024,factor.csv,2,VEH_NO
CRSS,2024,factor.csv,3,PSU
CRSS,2024,factor.csv,4,PSU_VAR
CRSS,2024,factor.csv,5,PSUSTRAT
CRSS,2024,factor.csv,6,REGION
CRSS,2024,factor.csv,7,REGIONNAME
CRSS,2024,factor.csv,8,URBANICITY
CRSS,2024,factor.csv,9,URBANICITYNAME
CRSS,2024,factor.csv,10,STRATUM
CRSS,2024,factor.csv,11,STRATUMNAME
CRSS,2024,factor.csv,12,PJ
CRSS,2024,factor.csv,13,WEIGHT
CRSS,2024,factor.csv,14,VEHICLECC
CRSS,2024,factor.csv,15,VEHICLECCNAME
CRSS,2024,maneuver.csv,1,CASENUM
CRSS,2024,maneuver.csv,2,VEH_NO
CRSS,2024,maneuver.csv,3,PSU
CRSS,2024,maneuver.csv,4,PSU_VAR
CRSS,2024,maneuver.csv,5,PSUSTRAT
CRSS,2024,maneuver.csv,6,REGION
CRSS,2024,maneuver.csv,7,REGIONNAME
CRSS,2024,maneuver.csv,8,URBANICITY
CRSS,2024,maneuver.csv,9,URBANICITYNAME
CRSS,2024,maneuver.csv,10,STRATUM
CRSS,2024,maneuver.csv,11,STRATUMNAME
CRSS,2024,maneuver.csv,12,PJ
CRSS,2024,maneuver.csv,13,WEIGHT
CRSS,2024,maneuver.csv,14,MANEUVER
CRSS,2024,maneuver.csv,15,MANEUVERNAME
CRSS,2024,nmcrash.csv,1,CASENUM
CRSS,2024,nmcrash.csv,2,VEH_NO
CRSS,2024,nmcrash.csv,3,PER_NO
CRSS,2024,nmcrash.csv,4,PSU
CRSS,2024,nmcrash.csv,5,PSU_VAR
CRSS,2024,nmcrash.csv,6,PSUSTRAT
CRSS,2024,nmcrash.csv,7,REGION
CRSS,2024,nmcrash.csv,8,REGIONNAME
CRSS,2024,nmcrash.csv,9,URBANICITY
CRSS,2024,nmcrash.csv,10,URBANICITYNAME
CRSS,2024,nmcrash.csv,11,STRATUM
CRSS,2024,nmcrash.csv,12,STRATUMNAME
CRSS,2024,nmcrash.csv,13,PJ
CRSS,2024,nmcrash.csv,14,WEIGHT
CRSS,2024,nmcrash.csv,15,NMCC
CRSS,2024,nmcrash.csv,16,NMCCNAME
CRSS,2024,nmdistract.csv,1,CASENUM
CRSS,2024,nmdistract.csv,2,VEH_NO
CRSS,2024,nmdistract.csv,3,PER_NO
CRSS,2024,nmdistract.csv,4,PSU
CRSS,2024,nmdistract.csv,5,PSU_VAR
CRSS,2024,nmdistract.csv,6,PSUSTRAT
CRSS,2024,nmdistract.csv,7,REGION
CRSS,2024,nmdistract.csv,8,REGIONNAME
CRSS,2024,nmdistract.csv,9,URBANICITY
CRSS,2024,nmdistract.csv,10,URBANICITYNAME
CRSS,2024,nmdistract.csv,11,STRATUM
CRSS,2024,nmdistract.csv,12,STRATUMNAME
CRSS,2024,nmdistract.csv,13,PJ
CRSS,2024,nmdistract.csv,14,WEIGHT
CRSS,2024,nmdistract.csv,15,NMDISTRACT
CRSS,2024,nmdistract.csv,16,NMDISTRACTNAME
CRSS,2024,nmimpair.csv,1,CASENUM
CRSS,2024,nmimpair.csv,2,VEH_NO
CRSS,2024,nmimpair.csv,3,PER_NO
CRSS,2024,nmimpair.csv,4,PSU
CRSS,2024,nmimpair.csv,5,PSU_VAR
CRSS,2024,nmimpair.csv,6,PSUSTRAT
CRSS,2024,nmimpair.csv,7,REGION
CRSS,2024,nmimpair.csv,8,REGIONNAME
CRSS,2024,nmimpair.csv,9,URBANICITY
CRSS,2024,nmimpair.csv,10,URBANICITYNAME
CRSS,2024,nmimpair.csv,11,STRATUM
CRSS,2024,nmimpair.csv,12,STRATUMNAME
CRSS,2024,nmimpair.csv,13,PJ
CRSS,2024,nmimpair.csv,14,WEIGHT
CRSS,2024,nmimpair.csv,15,NMIMPAIR
CRSS,2024,nmimpair.csv,16,NMIMPAIRNAME
CRSS,2024,nmprior.csv,1,CASENUM
CRSS,2024,nmprior.csv,2,VEH_NO
CRSS,2024,nmprior.csv,3,PER_NO
CRSS,2024,nmprior.csv,4,PSU
CRSS,2024,nmprior.csv,5,PSU_VAR
CRSS,2024,nmprior.csv,6,PSUSTRAT
CRSS,2024,nmprior.csv,7,REGION
CRSS,2024,nmprior.csv,8,REGIONNAME
CRSS,2024,nmprior.csv,9,URBANICITY
CRSS,2024,nmprior.csv,10,URBANICITYNAME
CRSS,2024,nmprior.csv,11,STRATUM
CRSS,2024,nmprior.csv,12,STRATUMNAME
CRSS,2024,nmprior.csv,13,PJ
CRSS,2024,nmprior.csv,14,WEIGHT
CRSS,2024,nmprior.csv,15,NMACTION
CRSS,2024,nmprior.csv,16,NMACTIONNAME
CRSS,2024,parkwork.csv,1,CASENUM
CRSS,2024,parkwork.csv,2,VEH_NO
CRSS,2024,parkwork.csv,3,PSU
CRSS,2024,parkwork.csv,4,PSU_VAR
CRSS,2024,parkwork.csv,5,PSUSTRAT
CRSS,2024,parkwork.csv,6,REGION
CRSS,2024,parkwork.csv,7,REGIONNAME
CRSS,2024,parkwork.csv,8,URBANICITY
CRSS,2024,parkwork.csv,9,URBANICITYNAME
CRSS,2024,parkwork.csv,10,STRATUM
CRSS,2024,parkwork.csv,11,STRATUMNAME
CRSS,2024,parkwork.csv,12,PJ
CRSS,2024,parkwork.csv,13,WEIGHT
CRSS,2024,parkwork.csv,14,PVE_FORMS
CRSS,2024,parkwork.csv,15,PMONTH
CRSS,2024,parkwork.csv,16,PMONTHNAME
CRSS,2024,parkwork.csv,17,PHOUR
CRSS,2024,parkwork.csv,18,PHOURNAME
CRSS,2024,parkwork.csv,19,PMINUTE
CRSS,2024,parkwork.csv,20,PMINUTENAME
CRSS,2024,parkwork.csv,21,PHARM_EV
CRSS,2024,parkwork.csv,22,PHARM_EVNAME
CRSS,2024,parkwork.csv,23,PMAN_COLL
CRSS,2024,parkwork.csv,24,PMAN_COLLNAME
CRSS,2024,parkwork.csv,25,PNUMOCCS
CRSS,2024,parkwork.csv,26,PNUMOCCSNAME
CRSS,2024,parkwork.csv,27,PTYPE
CRSS,2024,parkwork.csv,28,PTYPENAME
CRSS,2024,parkwork.csv,29,PHIT_RUN
CRSS,2024,parkwork.csv,30,PHIT_RUNNAME
CRSS,2024,parkwork.csv,31,PVIN
CRSS,2024,parkwork.csv,32,PVINNAME
CRSS,2024,parkwork.csv,33,PMODYEAR
CRSS,2024,parkwork.csv,34,PMODYEARNAME
CRSS,2024,parkwork.csv,35,PVPICMAKE
CRSS,2024,parkwork.csv,36,PVPICMAKENAME
CRSS,2024,parkwork.csv,37,PVPICMODEL
CRSS,2024,parkwork.csv,38,PVPICMODELNAME
CRSS,2024,parkwork.csv,39,PVPICBODYCLASS
CRSS,2024,parkwork.csv,40,PVPICBODYCLASSNAME
CRSS,2024,parkwork.csv,41,PMAKE
CRSS,2024,parkwork.csv,42,PMAKENAME
CRSS,2024,parkwork.csv,43,PMODEL
CRSS,2024,parkwork.csv,44,PBODYTYP
CRSS,2024,parkwork.csv,45,PBODYTYPNAME
CRSS,2024,parkwork.csv,46,PICFINALBODY
CRSS,2024,parkwork.csv,47,PICFINALBODYNAME
CRSS,2024,parkwork.csv,48,PGVWR_FROM
CRSS,2024,parkwork.csv,49,PGVWR_FROMNAME
CRSS,2024,parkwork.csv,50,PGVWR_TO
CRSS,2024,parkwork.csv,51,PGVWR_TONAME
CRSS,2024,parkwork.csv,52,PTRAILER
CRSS,2024,parkwork.csv,53,PTRAILERNAME
CRSS,2024,parkwork.csv,54,PTRLR1VIN
CRSS,2024,parkwork.csv,55,PTRLR1VINNAME
CRSS,2024,parkwork.csv,56,PTRLR2VIN
CRSS,2024,parkwork.csv,57,PTRLR2VINNAME
CRSS,2024,parkwork.csv,58,PTRLR3VIN
CRSS,2024,parkwork.csv,59,PTRLR3VINNAME
CRSS,2024,parkwork.csv,60,PTRLR1GVWR
CRSS,2024,parkwork.csv,61,PTRLR1GVWRNAME
CRSS,2024,parkwork.csv,62,PTRLR2GVWR
CRSS,2024,parkwork.csv,63,PTRLR2GVWRNAME
CRSS,2024,parkwork.csv,64,PTRLR3GVWR
CRSS,2024,parkwork.csv,65,PTRLR3GVWRNAME
CRSS,2024,parkwork.csv,66,PMCARR_ID
CRSS,2024,parkwork.csv,67,PMCARR_IDNAME
CRSS,2024,parkwork.csv,68,PMCARR_I1
CRSS,2024,parkwork.csv,69,PMCARR_I1NAME
CRSS,2024,parkwork.csv,70,PMCARR_I2
CRSS,2024,parkwork.csv,71,PMCARR_I2NAME
CRSS,2024,parkwork.csv,72,PV_CONFIG
CRSS,2024,parkwork.csv,73,PV_CONFIGNAME
CRSS,2024,parkwork.csv,74,PCARGTYP
CRSS,2024,parkwork.csv,75,PCARGTYPNAME
CRSS,2024,parkwork.csv,76,PHAZ_INV
CRSS,2024,parkwork.csv,77,PHAZ_INVNAME
CRSS,2024,parkwork.csv,78,PHAZPLAC
CRSS,2024,parkwork.csv,79,PHAZPLACNAME
CRSS,2024,parkwork.csv,80,PHAZ_ID
CRSS,2024,parkwork.csv,81,PHAZ_IDNAME
CRSS,2024,parkwork.csv,82,PHAZ_CNO
CRSS,2024,parkwork.csv,83,PHAZ_CNONAME
CRSS,2024,parkwork.csv,84,PHAZ_REL
CRSS,2024,parkwork.csv,85,PHAZ_RELNAME
CRSS,2024,parkwork.csv,86,PBUS_USE
CRSS,2024,parkwork.csv,87,PBUS_USENAME
CRSS,2024,parkwork.csv,88,PSP_USE
CRSS,2024,parkwork.csv,89,PSP_USENAME
CRSS,2024,parkwork.csv,90,PEM_USE
CRSS,2024,parkwork.csv,91,PEM_USENAME
CRSS,2024,parkwork.csv,92,PUNDEROVERRIDE
CRSS,2024,parkwork.csv,93,PUNDEROVERRIDENAME
CRSS,2024,parkwork.csv,94,PIMPACT1
CRSS,2024,parkwork.csv,95,PIMPACT1NAME
CRSS,2024,parkwork.csv,96,PVEH_SEV
CRSS,2024,parkwork.csv,97,PVEH_SEVNAME
CRSS,2024,parkwork.csv,98,PTOWED
CRSS,2024,parkwork.csv,99,PTOWEDNAME
CRSS,2024,parkwork.csv,100,PM_HARM
CRSS,2024,parkwork.csv,101,PM_HARMNAME
CRSS,2024,parkwork.csv,102,PFIRE
CRSS,2024,parkwork.csv,103,PFIRENAME
CRSS,2024,parkwork.csv,104,PMAK_MOD
CRSS,2024,parkwork.csv,105,PMAK_MODNAME
CRSS,2024,pbtype.csv,1,CASENUM
CRSS,2024,pbtype.csv,2,VEH_NO
CRSS,2024,pbtype.csv,3,PER_NO
CRSS,2024,pbtype.csv,4,PSU
CRSS,2024,pbtype.csv,5,PSU_VAR
CRSS,2024,pbtype.csv,6,PSUSTRAT
CRSS,2024,pbtype.csv,7,REGION
CRSS,2024,pbtype.csv,8,REGIONNAME
CRSS,2024,pbtype.csv,9,URBANICITY
CRSS,2024,pbtype.csv,10,URBANICITYNAME
CRSS,2024,pbtype.csv,11,STRATUM
CRSS,2024,pbtype.csv,12,STRATUMNAME
CRSS,2024,pbtype.csv,13,PJ
CRSS,2024,pbtype.csv,14,WEIGHT
CRSS,2024,pbtype.csv,15,PBAGE
CRSS,2024,pbtype.csv,16,PBAGENAME
CRSS,2024,pbtype.csv,17,PBSEX
CRSS,2024,pbtype.csv,18,PBSEXNAME
CRSS,2024,pbtype.csv,19,PBPTYPE
CRSS,2024,pbtype.csv,20,PBPTYPENAME
CRSS,2024,pbtype.csv,21,PBCWALK
CRSS,2024,pbtype.csv,22,PBCWALKNAME
CRSS,2024,pbtype.csv,23,PBSWALK
CRSS,2024,pbtype.csv,24,PBSWALKNAME
CRSS,2024,pbtype.csv,25,PBSZONE
CRSS,2024,pbtype.csv,26,PBSZONENAME
CRSS,2024,pbtype.csv,27,PEDCTYPE
CRSS,2024,pbtype.csv,28,PEDCTYPENAME
CRSS,2024,pbtype.csv,29,BIKECTYPE
CRSS,2024,pbtype.csv,30,BIKECTYPENAME
CRSS,2024,pbtype.csv,31,PEDLOC
CRSS,2024,pbtype.csv,32,PEDLOCNAME
CRSS,2024,pbtype.csv,33,BIKELOC
CRSS,2024,pbtype.csv,34,BIKELOCNAME
CRSS,2024,pbtype.csv,35,PEDPOS
CRSS,2024,pbtype.csv,36,PEDPOSNAME
CRSS,2024,pbtype.csv,37,BIKEPOS
CRSS,2024,pbtype.csv,38,BIKEPOSNAME
CRSS,2024,pbtype.csv,39,PEDDIR
CRSS,2024,pbtype.csv,40,PEDDIRNAME
CRSS,2024,pbtype.csv,41,BIKEDIR
CRSS,2024,pbtype.csv,42,BIKEDIRNAME
CRSS,2024,pbtype.csv,43,MOTDIR
CRSS,2024,pbtype.csv,44,MOTDIRNAME
CRSS,2024,pbtype.csv,45,MOTMAN
CRSS,2024,pbtype.csv,46,MOTMANNAME
CRSS,2024,pbtype.csv,47,PEDLEG
CRSS,2024,pbtype.csv,48,PEDLEGNAME
CRSS,2024,pbtype.csv,49,PEDSNR
CRSS,2024,pbtype.csv,50,PEDSNRNAME
CRSS,2024,pbtype.csv,51,PEDCGP
CRSS,2024,pbtype.csv,52,PEDCGPNAME
CRSS,2024,pbtype.csv,53,BIKECGP
CRSS,2024,pbtype.csv,54,BIKECGPNAME
CRSS,2024,person.csv,1,CASENUM
CRSS,2024,person.csv,2,VE_FORMS
CRSS,2024,person.csv,3,VEH_NO
CRSS,2024,person.csv,4,PER_NO
CRSS,2024,person.csv,5,PSU
CRSS,2024,person.csv,6,PSU_VAR
CRSS,2024,person.csv,7,PSUSTRAT
CRSS,2024,person.csv,8,REGION
CRSS,2024,person.csv,9,REGIONNAME
CRSS,2024,person.csv,10,URBANICITY
CRSS,2024,person.csv,11,URBANICITYNAME
CRSS,2024,person.csv,12,STRATUM
CRSS,2024,person.csv,13,STRATUMNAME
CRSS,2024,person.csv,14,PJ
CRSS,2024,person.csv,15,WEIGHT
CRSS,2024,person.csv,16,MONTH
CRSS,2024,person.csv,17,MONTHNAME
CRSS,2024,person.csv,18,HOUR
CRSS,2024,person.csv,19,HOURNAME
CRSS,2024,person.csv,20,MINUTE
CRSS,2024,person.csv,21,MINUTENAME
CRSS,2024,person.csv,22,HARM_EV
CRSS,2024,person.csv,23,HARM_EVNAME
CRSS,2024,person.csv,24,MAN_COLL
CRSS,2024,person.csv,25,MAN_COLLNAME
CRSS,2024,person.csv,26,SCH_BUS
CRSS,2024,person.csv,27,SCH_BUSNAME
CRSS,2024,person.csv,28,MOD_YEAR
CRSS,2024,person.csv,29,MOD_YEARNAME
CRSS,2024,person.csv,30,VPICMAKE
CRSS,2024,person.csv,31,VPICMAKENAME
CRSS,2024,person.csv,32,VPICMODEL
CRSS,2024,person.csv,33,VPICMODELNAME
CRSS,2024,person.csv,34,VPICBODYCLASS
CRSS,2024,person.csv,35,VPICBODYCLASSNAME
CRSS,2024,person.csv,36,MAKE
CRSS,2024,person.csv,37,MAKENAME
CRSS,2024,person.csv,38,BODY_TYP
CRSS,2024,person.csv,39,BODY_TYPNAME
CRSS,2024,person.csv,40,ICFINALBODY
CRSS,2024,person.csv,41,ICFINALBODYNAME
CRSS,2024,person.csv,42,GVWR_FROM
CRSS,2024,person.csv,43,GVWR_FROMNAME
CRSS,2024,person.csv,44,GVWR_TO
CRSS,2024,person.csv,45,GVWR_TONAME
CRSS,2024,person.csv,46,TOW_VEH
CRSS,2024,person.csv,47,TOW_VEHNAME
CRSS,2024,person.csv,48,AGE
CRSS,2024,person.csv,49,AGENAME
CRSS,2024,person.csv,50,AGE_IM
CRSS,2024,person.csv,51,AGE_IMNAME
CRSS,2024,person.csv,52,SEX
CRSS,2024,person.csv,53,SEXNAME
CRSS,2024,person.csv,54,SEX_IM
CRSS,2024,person.csv,55,SEX_IMNAME
CRSS,2024,person.csv,56,PER_TYP
CRSS,2024,person.csv,57,PER_TYPNAME
CRSS,2024,person.csv,58,DEVTYPE
CRSS,2024,person.csv,59,DEVTYPENAME
CRSS,2024,person.csv,60,DEVMOTOR
CRSS,2024,person.csv,61,DEVMOTORNAME
CRSS,2024,person.csv,62,INJ_SEV
CRSS,2024,person.csv,63,INJ_SEVNAME
CRSS,2024,person.csv,64,INJSEV_IM
CRSS,2024,person.csv,65,INJSEV_IMNAME
CRSS,2024,person.csv,66,SEAT_POS
CRSS,2024,person.csv,67,SEAT_POSNAME
CRSS,2024,person.csv,68,SEAT_IM
CRSS,2024,person.csv,69,SEAT_IMNAME
CRSS,2024,person.csv,70,REST_USE
CRSS,2024,person.csv,71,REST_USENAME
CRSS,2024,person.csv,72,REST_MIS
CRSS,2024,person.csv,73,REST_MISNAME
CRSS,2024,person.csv,74,HELM_USE
CRSS,2024,person.csv,75,HELM_USENAME
CRSS,2024,person.csv,76,HELM_MIS
CRSS,2024,person.csv,77,HELM_MISNAME
CRSS,2024,person.csv,78,AIR_BAG
CRSS,2024,person.csv,79,AIR_BAGNAME
CRSS,2024,person.csv,80,EJECTION
CRSS,2024,person.csv,81,EJECTIONNAME
CRSS,2024,person.csv,82,EJECT_IM
CRSS,2024,person.csv,83,EJECT_IMNAME
CRSS,2024,person.csv,84,DRINKING
CRSS,2024,person.csv,85,DRINKINGNAME
CRSS,2024,person.csv,86,PERALCH_IM
CRSS,2024,person.csv,87,PERALCH_IMNAME
CRSS,2024,person.csv,88,ALC_STATUS
CRSS,2024,person.csv,89,ALC_STATUSNAME
CRSS,2024,person.csv,90,ATST_TYP
CRSS,2024,person.csv,91,ATST_TYPNAME
CRSS,2024,person.csv,92,ALC_RES
CRSS,2024,person.csv,93,ALC_RESNAME
CRSS,2024,person.csv,94,DRUGS
CRSS,2024,person.csv,95,DRUGSNAME
CRSS,2024,person.csv,96,HOSPITAL
CRSS,2024,person.csv,97,HOSPITALNAME
CRSS,2024,person.csv,98,STR_VEH
CRSS,2024,person.csv,99,LOCATION
CRSS,2024,person.csv,100,LOCATIONNAME
CRSS,2024,person.csv,101,SPEC_USE
CRSS,2024,person.csv,102,SPEC_USENAME
CRSS,2024,person.csv,103,EMER_USE
CRSS,2024,person.csv,104,EMER_USENAME
CRSS,2024,person.csv,105,ROLLOVER
CRSS,2024,person.csv,106,ROLLOVERNAME
CRSS,2024,person.csv,107,IMPACT1
CRSS,2024,person.csv,108,IMPACT1NAME
CRSS,2024,person.csv,109,FIRE_EXP
CRSS,2024,person.csv,110,FIRE_EXPNAME
CRSS,2024,person.csv,111,MAK_MOD
CRSS,2024,person.csv,112,MAK_MODNAME
CRSS,2024,personrf.csv,1,CASENUM
CRSS,2024,personrf.csv,2,VEH_NO
CRSS,2024,personrf.csv,3,PER_NO
CRSS,2024,personrf.csv,4,PSU
CRSS,2024,personrf.csv,5,PSU_VAR
CRSS,2024,personrf.csv,6,PSUSTRAT
CRSS,2024,personrf.csv,7,REGION
CRSS,2024,personrf.csv,8,REGIONNAME
CRSS,2024,personrf.csv,9,URBANICITY
CRSS,2024,personrf.csv,10,URBANICITYNAME
CRSS,2024,personrf.csv,11,STRATUM
CRSS,2024,personrf.csv,12,STRATUMNAME
CRSS,2024,personrf.csv,13,PJ
CRSS,2024,personrf.csv,14,WEIGHT
CRSS,2024,personrf.csv,15,PERSONRF
CRSS,2024,personrf.csv,16,PERSONRFNAME
CRSS,2024,pvehiclesf.csv,1,CASENUM
CRSS,2024,pvehiclesf.csv,2,VEH_NO
CRSS,2024,pvehiclesf.csv,3,PSU
CRSS,2024,pvehiclesf.csv,4,PSU_VAR
CRSS,2024,pvehiclesf.csv,5,PSUSTRAT
CRSS,2024,pvehiclesf.csv,6,REGION
CRSS,2024,pvehiclesf.csv,7,REGIONNAME
CRSS,2024,pvehiclesf.csv,8,URBANICITY
CRSS,2024,pvehiclesf.csv,9,URBANICITYNAME
CRSS,2024,pvehiclesf.csv,10,STRATUM
CRSS,2024,pvehiclesf.csv,11,STRATUMNAME
CRSS,2024,pvehiclesf.csv,12,PJ
CRSS,2024,pvehiclesf.csv,13,WEIGHT
CRSS,2024,pvehiclesf.csv,14,PVEHICLESF
CRSS,2024,pvehiclesf.csv,15,PVEHICLESFNAME
CRSS,2024,safetyeq.csv,1,CASENUM
CRSS,2024,safetyeq.csv,2,VEH_NO
CRSS,2024,safetyeq.csv,3,PER_NO
CRSS,2024,safetyeq.csv,4,PSU
CRSS,2024,safetyeq.csv,5,PSU_VAR
CRSS,2024,safetyeq.csv,6,PSUSTRAT
CRSS,2024,safetyeq.csv,7,REGION
CRSS,2024,safetyeq.csv,8,REGIONNAME
CRSS,2024,safetyeq.csv,9,URBANICITY
CRSS,2024,safetyeq.csv,10,URBANICITYNAME
CRSS,2024,safetyeq.csv,11,STRATUM
CRSS,2024,safetyeq.csv,12,STRATUMNAME
CRSS,2024,safetyeq.csv,13,PJ
CRSS,2024,safetyeq.csv,14,WEIGHT
CRSS,2024,safetyeq.csv,15,NMHELMET
CRSS,2024,safetyeq.csv,16,NMHELMETNAME
CRSS,2024,safetyeq.csv,17,NMPROPAD
CRSS,2024,safetyeq.csv,18,NMPROPADNAME
CRSS,2024,safetyeq.csv,19,NMOTHPRO
CRSS,2024,safetyeq.csv,20,NMOTHPRONAME
CRSS,2024,safetyeq.csv,21,NMREFCLO
CRSS,2024,safetyeq.csv,22,NMREFCLONAME
CRSS,2024,safetyeq.csv,23,NMLIGHT
CRSS,2024,safetyeq.csv,24,NMLIGHTNAME
CRSS,2024,safetyeq.csv,25,NMOTHPRE
CRSS,2024,safetyeq.csv,26,NMOTHPRENAME
CRSS,2024,vehicle.csv,1,CASENUM
CRSS,2024,vehicle.csv,2,VEH_NO
CRSS,2024,vehicle.csv,3,PSU
CRSS,2024,vehicle.csv,4,PSU_VAR
CRSS,2024,vehicle.csv,5,PSUSTRAT
CRSS,2024,vehicle.csv,6,REGION
CRSS,2024,vehicle.csv,7,REGIONNAME
CRSS,2024,vehicle.csv,8,URBANICITY
CRSS,2024,vehicle.csv,9,URBANICITYNAME
CRSS,2024,vehicle.csv,10,STRATUM
CRSS,2024,vehicle.csv,11,STRATUMNAME
CRSS,2024,vehicle.csv,12,PJ
CRSS,2024,vehicle.csv,13,WEIGHT
CRSS,2024,vehicle.csv,14,VE_FORMS
CRSS,2024,vehicle.csv,15,MONTH
CRSS,2024,vehicle.csv,16,MONTHNAME
CRSS,2024,vehicle.csv,17,HOUR
CRSS,2024,vehicle.csv,18,HOURNAME
CRSS,2024,vehicle.csv,19,MINUTE
CRSS,2024,vehicle.csv,20,MINUTENAME
CRSS,2024,vehicle.csv,21,HARM_EV
CRSS,2024,vehicle.csv,22,HARM_EVNAME
CRSS,2024,vehicle.csv,23,MAN_COLL
CRSS,2024,vehicle.csv,24,MAN_COLLNAME
CRSS,2024,vehicle.csv,25,NUMOCCS
CRSS,2024,vehicle.csv,26,NUMOCCSNAME
CRSS,2024,vehicle.csv,27,UNITTYPE
CRSS,2024,vehicle.csv,28,UNITTYPENAME
CRSS,2024,vehicle.csv,29,HIT_RUN
CRSS,2024,vehicle.csv,30,HIT_RUNNAME
CRSS,2024,vehicle.csv,31,VIN
CRSS,2024,vehicle.csv,32,VINNAME
CRSS,2024,vehicle.csv,33,MOD_YEAR
CRSS,2024,vehicle.csv,34,MOD_YEARNAME
CRSS,2024,vehicle.csv,35,MDLYR_IM
CRSS,2024,vehicle.csv,36,MDLYR_IMNAME
CRSS,2024,vehicle.csv,37,VPICMAKE
CRSS,2024,vehicle.csv,38,VPICMAKENAME
CRSS,2024,vehicle.csv,39,VPICMODEL
CRSS,2024,vehicle.csv,40,VPICMODELNAME
CRSS,2024,vehicle.csv,41,VPICBODYCLASS
CRSS,2024,vehicle.csv,42,VPICBODYCLASSNAME
CRSS,2024,vehicle.csv,43,MAKE
CRSS,2024,vehicle.csv,44,MAKENAME
CRSS,2024,vehicle.csv,45,MODEL
CRSS,2024,vehicle.csv,46,BODY_TYP
CRSS,2024,vehicle.csv,47,BODY_TYPNAME
CRSS,2024,vehicle.csv,48,ICFINALBODY
CRSS,2024,vehicle.csv,49,ICFINALBODYNAME
CRSS,2024,vehicle.csv,50,GVWR_FROM
CRSS,2024,vehicle.csv,51,GVWR_FROMNAME
CRSS,2024,vehicle.csv,52,GVWR_TO
CRSS,2024,vehicle.csv,53,GVWR_TONAME
CRSS,2024,vehicle.csv,54,TOW_VEH
CRSS,2024,vehicle.csv,55,TOW_VEHNAME
CRSS,2024,vehicle.csv,56,TRLR1VIN
CRSS,2024,vehicle.csv,57,TRLR1VINNAME
CRSS,2024,vehicle.csv,58,TRLR2VIN
CRSS,2024,vehicle.csv,59,TRLR2VINNAME
CRSS,2024,vehicle.csv,60,TRLR3VIN
CRSS,2024,vehicle.csv,61,TRLR3VINNAME
CRSS,2024,vehicle.csv,62,TRLR1GVWR
CRSS,2024,vehicle.csv,63,TRLR1GVWRNAME
CRSS,2024,vehicle.csv,64,TRLR2GVWR
CRSS,2024,vehicle.csv,65,TRLR2GVWRNAME
CRSS,2024,vehicle.csv,66,TRLR3GVWR
CRSS,2024,vehicle.csv,67,TRLR3GVWRNAME
CRSS,2024,vehicle.csv,68,J_KNIFE
CRSS,2024,vehicle.csv,69,J_KNIFENAME
CRSS,2024,vehicle.csv,70,MCARR_ID
CRSS,2024,vehicle.csv,71,MCARR_IDNAME
CRSS,2024,vehicle.csv,72,MCARR_I1
CRSS,2024,vehicle.csv,73,MCARR_I1NAME
CRSS,2024,vehicle.csv,74,MCARR_I2
CRSS,2024,vehicle.csv,75,MCARR_I2NAME
CRSS,2024,vehicle.csv,76,V_CONFIG
CRSS,2024,vehicle.csv,77,V_CONFIGNAME
CRSS,2024,vehicle.csv,78,CARGO_BT
CRSS,2024,vehicle.csv,79,CARGO_BTNAME
CRSS,2024,vehicle.csv,80,HAZ_INV
CRSS,2024,vehicle.csv,81,HAZ_INVNAME
CRSS,2024,vehicle.csv,82,HAZ_PLAC
CRSS,2024,vehicle.csv,83,HAZ_PLACNAME
CRSS,2024,vehicle.csv,84,HAZ_ID
CRSS,2024,vehicle.csv,85,HAZ_IDNAME
CRSS,2024,vehicle.csv,86,HAZ_CNO
CRSS,2024,vehicle.csv,87,HAZ_CNONAME
CRSS,2024,vehicle.csv,88,HAZ_REL
CRSS,2024,vehicle.csv,89,HAZ_RELNAME
CRSS,2024,vehicle.csv,90,BUS_USE
CRSS,2024,vehicle.csv,91,BUS_USENAME
CRSS,2024,vehicle.csv,92,SPEC_USE
CRSS,2024,vehicle.csv,93,SPEC_USENAME
CRSS,2024,vehicle.csv,94,EMER_USE
CRSS,2024,vehicle.csv,95,EMER_USENAME
CRSS,2024,vehicle.csv,96,TRAV_SP
CRSS,2024,vehicle.csv,97,TRAV_SPNAME
CRSS,2024,vehicle.csv,98,UNDEROVERRIDE
CRSS,2024,vehicle.csv,99,UNDEROVERRIDENAME
CRSS,2024,vehicle.csv,100,ROLLOVER
CRSS,2024,vehicle.csv,101,ROLLOVERNAME
CRSS,2024,vehicle.csv,102,ROLINLOC
CRSS,2024,vehicle.csv,103,ROLINLOCNAME
CRSS,2024,vehicle.csv,104,IMPACT1
CRSS,2024,vehicle.csv,105,IMPACT1NAME
CRSS,2024,vehicle.csv,106,IMPACT1_IM
CRSS,2024,vehicle.csv,107,IMPACT1_IMNAME
CRSS,2024,vehicle.csv,108,DEFORMED
CRSS,2024,vehicle.csv,109,DEFORMEDNAME
CRSS,2024,vehicle.csv,110,TOWED
CRSS,2024,vehicle.csv,111,TOWEDNAME
CRSS,2024,vehicle.csv,112,M_HARM
CRSS,2024,vehicle.csv,113,M_HARMNAME
CRSS,2024,vehicle.csv,114,VEVENT_IM
CRSS,2024,vehicle.csv,115,VEVENT_IMNAME
CRSS,2024,vehicle.csv,116,FIRE_EXP
CRSS,2024,vehicle.csv,117,FIRE_EXPNAME
CRSS,2024,vehicle.csv,118,DR_PRES
CRSS,2024,vehicle.csv,119,DR_PRESNAME
CRSS,2024,vehicle.csv,120,MAX_VSEV
CRSS,2024,vehicle.csv,121,MAX_VSEVNAME
CRSS,2024,vehicle.csv,122,MXVSEV_IM
CRSS,2024,vehicle.csv,123,MXVSEV_IMNAME
CRSS,2024,vehicle.csv,124,NUM_INJV
CRSS,2024,vehicle.csv,125,NUM_INJVNAME
CRSS,2024,vehicle.csv,126,NUMINJ_IM
CRSS,2024,vehicle.csv,127,NUMINJ_IMNAME
CRSS,2024,vehicle.csv,128,VEH_ALCH
CRSS,2024,vehicle.csv,129,VEH_ALCHNAME
CRSS,2024,vehicle.csv,130,V_ALCH_IM
CRSS,2024,vehicle.csv,131,V_ALCH_IMNAME
CRSS,2024,vehicle.csv,132,MAK_MOD
CRSS,2024,vehicle.csv,133,MAK_MODNAME
CRSS,2024,vehicle.csv,134,DR_ZIP
CRSS,2024,vehicle.csv,135,DR_ZIPNAME
CRSS,2024,vehicle.csv,136,SPEEDREL
CRSS,2024,vehicle.csv,137,SPEEDRELNAME
CRSS,2024,vehicle.csv,138,VTRAFWAY
CRSS,2024,vehicle.csv,139,VTRAFWAYNAME
CRSS,2024,vehicle.csv,140,VNUM_LAN
CRSS,2024,vehicle.csv,141,VNUM_LANNAME
CRSS,2024,vehicle.csv,142,VSPD_LIM
CRSS,2024,vehicle.csv,143,VSPD_LIMNAME
CRSS,2024,vehicle.csv,144,VALIGN
CRSS,2024,vehicle.csv,145,VALIGNNAME
CRSS,2024,vehicle.csv,146,VPROFILE
CRSS,2024,vehicle.csv,147,VPROFILENAME
CRSS,2024,vehicle.csv,148,VSURCOND
CRSS,2024,vehicle.csv,149,VSURCONDNAME
CRSS,2024,vehicle.csv,150,VTRAFCON
CRSS,2024,vehicle.csv,151,VTRAFCONNAME
CRSS,2024,vehicle.csv,152,VTCONT_F
CRSS,2024,vehicle.csv,153,VTCONT_FNAME
CRSS,2024,vehicle.csv,154,P_CRASH1
CRSS,2024,vehicle.csv,155,P_CRASH1NAME
CRSS,2024,vehicle.csv,156,PCRASH1_IM
CRSS,2024,vehicle.csv,157,PCRASH1_IMNAME
CRSS,2024,vehicle.csv,158,P_CRASH2
CRSS,2024,vehicle.csv,159,P_CRASH2NAME
CRSS,2024,vehicle.csv,160,P_CRASH3
CRSS,2024,vehicle.csv,161,P_CRASH3NAME
CRSS,2024,vehicle.csv,162,PCRASH4
CRSS,2024,vehicle.csv,163,PCRASH4NAME
CRSS,2024,vehicle.csv,164,PCRASH5
CRSS,2024,vehicle.csv,165,PCRASH5NAME
CRSS,2024,vehicle.csv,166,ACC_TYPE
CRSS,2024,vehicle.csv,167,ACC_TYPENAME
CRSS,2024,vehiclesf.csv,1,CASENUM
CRSS,2024,vehiclesf.csv,2,VEH_NO
CRSS,2024,vehiclesf.csv,3,PSU
CRSS,2024,vehiclesf.csv,4,PSU_VAR
CRSS,2024,vehiclesf.csv,5,PSUSTRAT
CRSS,2024,vehiclesf.csv,6,REGION
CRSS,2024,vehiclesf.csv,7,REGIONNAME
CRSS,2024,vehiclesf.csv,8,URBANICITY
CRSS,2024,vehiclesf.csv,9,URBANICITYNAME
CRSS,2024,vehiclesf.csv,10,STRATUM
CRSS,2024,vehiclesf.csv,11,STRATUMNAME
CRSS,2024,vehiclesf.csv,12,PJ
CRSS,2024,vehiclesf.csv,13,WEIGHT
CRSS,2024,vehiclesf.csv,14,VEHICLESF
CRSS,2024,vehiclesf.csv,15,VEHICLESFNAME
CRSS,2024,vevent.csv,1,CASENUM
CRSS,2024,vevent.csv,2,EVENTNUM
CRSS,2024,vevent.csv,3,VEH_NO
CRSS,2024,vevent.csv,4,PSU
CRSS,2024,vevent.csv,5,PSU_VAR
CRSS,2024,vevent.csv,6,PSUSTRAT
CRSS,2024,vevent.csv,7,REGION
CRSS,2024,vevent.csv,8,REGIONNAME
CRSS,2024,vevent.csv,9,URBANICITY
CRSS,2024,vevent.csv,10,URBANICITYNAME
CRSS,2024,vevent.csv,11,STRATUM
CRSS,2024,vevent.csv,12,STRATUMNAME
CRSS,2024,vevent.csv,13,PJ
CRSS,2024,vevent.csv,14,WEIGHT
CRSS,2024,vevent.csv,15,VEVENTNUM
CRSS,2024,vevent.csv,16,VNUMBER1
CRSS,2024,vevent.csv,17,AOI1
CRSS,2024,vevent.csv,18,AOI1NAME
CRSS,2024,vevent.csv,19,SOE
CRSS,2024,vevent.csv,20,SOENAME
CRSS,2024,vevent.csv,21,VNumber2
CRSS,2024,vevent.csv,22,VNumber2NAME
CRSS,2024,vevent.csv,23,AOI2
CRSS,2024,vevent.csv,24,AOI2NAME
CRSS,2024,violatn.csv,1,CASENUM
CRSS,2024,violatn.csv,2,VEH_NO
CRSS,2024,violatn.csv,3,PSU
CRSS,2024,violatn.csv,4,PSU_VAR
CRSS,2024,violatn.csv,5,PSUSTRAT
CRSS,2024,violatn.csv,6,REGION
CRSS,2024,violatn.csv,7,REGIONNAME
CRSS,2024,violatn.csv,8,URBANICITY
CRSS,2024,violatn.csv,9,URBANICITYNAME
CRSS,2024,violatn.csv,10,STRATUM
CRSS,2024,violatn.csv,11,STRATUMNAME
CRSS,2024,violatn.csv,12,PJ
CRSS,2024,violatn.csv,13,WEIGHT
CRSS,2024,violatn.csv,14,VIOLATION
CRSS,2024,violatn.csv,15,VIOLATIONNAME
CRSS,2024,vision.csv,1,CASENUM
CRSS,2024,vision.csv,2,VEH_NO
CRSS,2024,vision.csv,3,PSU
CRSS,2024,vision.csv,4,PSU_VAR
CRSS,2024,vision.csv,5,PSUSTRAT
CRSS,2024,vision.csv,6,REGION
CRSS,2024,vision.csv,7,REGIONNAME
CRSS,2024,vision.csv,8,URBANICITY
CRSS,2024,vision.csv,9,URBANICITYNAME
CRSS,2024,vision.csv,10,STRATUM
CRSS,2024,vision.csv,11,STRATUMNAME
CRSS,2024,vision.csv,12,PJ
CRSS,2024,vision.csv,13,WEIGHT
CRSS,2024,vision.csv,14,VISION
CRSS,2024,vision.csv,15,VISIONNAME
CRSS,2024,vpicdecode.csv,1,CASENUM
CRSS,2024,vpicdecode.csv,2,VEH_NO
CRSS,2024,vpicdecode.csv,3,VEHICLEDESCRIPTOR
CRSS,2024,vpicdecode.csv,4,VINDECODEDON
CRSS,2024,vpicdecode.csv,5,VINDECODEERROR
CRSS,2024,vpicdecode.csv,6,VEHICLETYPEID
CRSS,2024,vpicdecode.csv,7,VEHICLETYPE
CRSS,2024,vpicdecode.csv,8,MANUFACTURERFULLNAMEID
CRSS,2024,vpicdecode.csv,9,MANUFACTURERFULLNAME
CRSS,2024,vpicdecode.csv,10,MAKEID
CRSS,2024,vpicdecode.csv,11,MAKE
CRSS,2024,vpicdecode.csv,12,MODELID
CRSS,2024,vpicdecode.csv,13,MODEL
CRSS,2024,vpicdecode.csv,14,MODELYEAR
CRSS,2024,vpicdecode.csv,15,SERIES
CRSS,2024,vpicdecode.csv,16,TRIM
CRSS,2024,vpicdecode.csv,17,SERIES2
CRSS,2024,vpicdecode.csv,18,TRIM2
CRSS,2024,vpicdecode.csv,19,PLANTCOUNTRYID
CRSS,2024,vpicdecode.csv,20,PLANTCOUNTRY
CRSS,2024,vpicdecode.csv,21,PLANTSTATE
CRSS,2024,vpicdecode.csv,22,PLANTCITY
CRSS,2024,vpicdecode.csv,23,PLANTCOMPANYNAME
CRSS,2024,vpicdecode.csv,24,DESTINATIONMARKETID
CRSS,2024,vpicdecode.csv,25,DESTINATIONMARKET
CRSS,2024,vpicdecode.csv,26,BASEPRICE
CRSS,2024,vpicdecode.csv,27,NONLANDUSEID
CRSS,2024,vpicdecode.csv,28,NONLANDUSE
CRSS,2024,vpicdecode.csv,29,NOTE
CRSS,2024,vpicdecode.csv,30,BODYCLASSID
CRSS,2024,vpicdecode.csv,31,BODYCLASS
CRSS,2024,vpicdecode.csv,32,DOORSCOUNT
CRSS,2024,vpicdecode.csv,33,WINDOWS
CRSS,2024,vpicdecode.csv,34,WHEELBASETYPEID
CRSS,2024,vpicdecode.csv,35,WHEELBASETYPE
CRSS,2024,vpicdecode.csv,36,TRACKWIDTHIN
CRSS,2024,vpicdecode.csv,37,GROSSVEHICLEWEIGHTRATINGFROMID
CRSS,2024,vpicdecode.csv,38,GROSSVEHICLEWEIGHTRATINGFROM
CRSS,2024,vpicdecode.csv,39,GROSSVEHICLEWEIGHTRATINGTOID
CRSS,2024,vpicdecode.csv,40,GROSSVEHICLEWEIGHTRATINGTO
CRSS,2024,vpicdecode.csv,41,GROSSCOMBWEIGHTRATINGFROMID
CRSS,2024,vpicdecode.csv,42,GROSSCOMBWEIGHTRATINGFROM
CRSS,2024,vpicdecode.csv,43,GROSSCOMBWEIGHTRATINGTOID
CRSS,2024,vpicdecode.csv,44,GROSSCOMBWEIGHTRATINGTO
CRSS,2024,vpicdecode.csv,45,CURBWEIGHTLB
CRSS,2024,vpicdecode.csv,46,WHEELBASEIN_FROM
CRSS,2024,vpicdecode.csv,47,WHEELBASEIN_TO
CRSS,2024,vpicdecode.csv,48,WHEELSCOUNT
CRSS,2024,vpicdecode.csv,49,WHEELSIZEFRONTIN
CRSS,2024,vpicdecode.csv,50,WHEELSIZEREARIN
CRSS,2024,vpicdecode.csv,51,TRUCKBODYCABTYPEID
CRSS,2024,vpicdecode.csv,52,TRUCKBODYCABTYPE
CRSS,2024,vpicdecode.csv,53,TRUCKBEDTYPEID
CRSS,2024,vpicdecode.csv,54,TRUCKBEDTYPE
CRSS,2024,vpicdecode.csv,55,TRUCKBEDLENGTHIN
CRSS,2024,vpicdecode.csv,56,BUSTYPEID
CRSS,2024,vpicdecode.csv,57,BUSTYPE
CRSS,2024,vpicdecode.csv,58,BUSFLOORCONFIGURATIONTYPEID
CRSS,2024,vpicdecode.csv,59,BUSFLOORCONFIGURATIONTYPE
CRSS,2024,vpicdecode.csv,60,BUSLENGTHFT
CRSS,2024,vpicdecode.csv,61,OTHERBUSINFO
CRSS,2024,vpicdecode.csv,62,CUSTOMMOTORCYCLETYPEID
CRSS,2024,vpicdecode.csv,63,CUSTOMMOTORCYCLETYPE
CRSS,2024,vpicdecode.csv,64,MOTORCYCLESUSPENSIONTYPEID
CRSS,2024,vpicdecode.csv,65,MOTORCYCLESUSPENSIONTYPE
CRSS,2024,vpicdecode.csv,66,MOTORCYCLECHASSISTYPEID
CRSS,2024,vpicdecode.csv,67,MOTORCYCLECHASSISTYPE
CRSS,2024,vpicdecode.csv,68,OTHERMOTORCYCLEINFO
CRSS,2024,vpicdecode.csv,69,STEERINGLOCATIONID
CRSS,2024,vpicdecode.csv,70,STEERINGLOCATION
CRSS,2024,vpicdecode.csv,71,ENTERTAINMENTSYSTEMID
CRSS,2024,vpicdecode.csv,72,ENTERTAINMENTSYSTEM
CRSS,2024,vpicdecode.csv,73,SEATSCOUNT
CRSS,2024,vpicdecode.csv,74,SEATROWSCOUNT
CRSS,2024,vpicdecode.csv,75,TRANSMISSIONSPEEDS
CRSS,2024,vpicdecode.csv,76,TRANSMISSIONSTYLEID
CRSS,2024,vpicdecode.csv,77,TRANSMISSIONSTYLE
CRSS,2024,vpicdecode.csv,78,DRIVETYPEID
CRSS,2024,vpicdecode.csv,79,DRIVETYPE
CRSS,2024,vpicdecode.csv,80,AXLESCOUNT
CRSS,2024,vpicdecode.csv,81,AXLECONFIGURATIONID
CRSS,2024,vpicdecode.csv,82,AXLECONFIGURATION
CRSS,2024,vpicdecode.csv,83,BRAKESYSTEMTYPEID
CRSS,2024,vpicdecode.csv,84,BRAKESYSTEMTYPE
CRSS,2024,vpicdecode.csv,85,BRAKESYSTEMDESC
CRSS,2024,vpicdecode.csv,86,EVDRIVEUNITID
CRSS,2024,vpicdecode.csv,87,EVDRIVEUNIT
CRSS,2024,vpicdecode.csv,88,BATTERYKWH_FROM
CRSS,2024,vpicdecode.csv,89,BATTERYKWH_TO
CRSS,2024,vpicdecode.csv,90,BATTERYV_FROM
CRSS,2024,vpicdecode.csv,91,BATTERYV_TO
CRSS,2024,vpicdecode.csv,92,BATTERYA_FROM
CRSS,2024,vpicdecode.csv,93,BATTERYA_TO
CRSS,2024,vpicdecode.csv,94,BATTERYPACKSPERVEHICLE
CRSS,2024,vpicdecode.csv,95,BATTERYMODULESPERPACK
CRSS,2024,vpicdecode.csv,96,BATTERYCELLSPERMODULE
CRSS,2024,vpicdecode.csv,97,BATTERYTYPEID
CRSS,2024,vpicdecode.csv,98,BATTERYTYPE
CRSS,2024,vpicdecode.csv,99,OTHERBATTERYINFO
CRSS,2024,vpicdecode.csv,100,CHARGERLEVELID
CRSS,2024,vpicdecode.csv,101,CHARGERLEVEL
CRSS,2024,vpicdecode.csv,102,CHARGERPOWERKW
CRSS,2024,vpicdecode.csv,103,ENGINEMANUFACTURER
CRSS,2024,vpicdecode.csv,104,ENGINEMODEL
CRSS,2024,vpicdecode.csv,105,ENGINECONFIGURATIONID
CRSS,2024,vpicdecode.csv,106,ENGINECONFIGURATION
CRSS,2024,vpicdecode.csv,107,ENGINEPOWERKW
CRSS,2024,vpicdecode.csv,108,ENGINESTROKECYCLES
CRSS,2024,vpicdecode.csv,109,ENGINECYLINDERSCOUNT
CRSS,2024,vpicdecode.csv,110,ENGINEBRAKEHP_FROM
CRSS,2024,vpicdecode.csv,111,ENGINEBRAKEHP_TO
CRSS,2024,vpicdecode.csv,112,ENGINECOOLINGTYPEID
CRSS,2024,vpicdecode.csv,113,ENGINECOOLINGTYPE
CRSS,2024,vpicdecode.csv,114,DISPLACEMENTCI
CRSS,2024,vpicdecode.csv,115,DISPLACEMENTCC
CRSS,2024,vpicdecode.csv,116,DISPLACEMENTL
CRSS,2024,vpicdecode.csv,117,FUELTYPEPRIMARYID
CRSS,2024,vpicdecode.csv,118,FUELTYPEPRIMARY
CRSS,2024,vpicdecode.csv,119,FUELTYPESECONDARYID
CRSS,2024,vpicdecode.csv,120,FUELTYPESECONDARY
CRSS,2024,vpicdecode.csv,121,FUELDELIVERYINJECTIONTYPEID
CRSS,2024,vpicdecode.csv,122,FUELDELIVERYINJECTIONTYPE
CRSS,2024,vpicdecode.csv,123,ENGINEVALVETRAINDESIGNID
CRSS,2024,vpicdecode.csv,124,ENGINEVALVETRAINDESIGN
CRSS,2024,vpicdecode.csv,125,ENGINEELECTRIFICATIONLEVELID
CRSS,2024,vpicdecode.csv,126,ENGINEELECTRIFICATIONLEVEL
CRSS,2024,vpicdecode.csv,127,ENGINETURBOID
CRSS,2024,vpicdecode.csv,128,ENGINETURBO
CRSS,2024,vpicdecode.csv,129,TOPSPEEDMPH
CRSS,2024,vpicdecode.csv,130,OTHERENGINEINFO
CRSS,2024,vpicdecode.csv,131,SEATBELTTYPEID
CRSS,2024,vpicdecode.csv,132,SEATBELTTYPE
CRSS,2024,vpicdecode.csv,133,PRETENSIONERID
CRSS,2024,vpicdecode.csv,134,PRETENSIONER
CRSS,2024,vpicdecode.csv,135,AIRBAGLOCFRONTID
CRSS,2024,vpicdecode.csv,136,AIRBAGLOCFRONT
CRSS,2024,vpicdecode.csv,137,AIRBAGLOCKNEEID
CRSS,2024,vpicdecode.csv,138,AIRBAGLOCKNEE
CRSS,2024,vpicdecode.csv,139,AIRBAGLOCSIDEID
CRSS,2024,vpicdecode.csv,140,AIRBAGLOCSIDE
CRSS,2024,vpicdecode.csv,141,AIRBAGLOCCURTAINID
CRSS,2024,vpicdecode.csv,142,AIRBAGLOCCURTAIN
CRSS,2024,vpicdecode.csv,143,AIRBAGLOCSEATCUSHIONID
CRSS,2024,vpicdecode.csv,144,AIRBAGLOCSEATCUSHION
CRSS,2024,vpicdecode.csv,145,OTHERRESTRAINTSYSTEMINFO
CRSS,2024,vpicdecode.csv,146,FORWARDCOLLISIONWARNINGID
CRSS,2024,vpicdecode.csv,147,FORWARDCOLLISIONWARNING
CRSS,2024,vpicdecode.csv,148,DYNAMICBRAKESUPPORTID
CRSS,2024,vpicdecode.csv,149,DYNAMICBRAKESUPPORT
CRSS,2024,vpicdecode.csv,150,CRASHIMMINENTBRAKINGID
CRSS,2024,vpicdecode.csv,151,CRASHIMMINENTBRAKING
CRSS,2024,vpicdecode.csv,152,PEDESTRIANAUTOEMERGENCYBRAKINGID
CRSS,2024,vpicdecode.csv,153,PEDESTRIANAUTOEMERGENCYBRAKING
CRSS,2024,vpicdecode.csv,154,BLINDSPOTWARNINGID
CRSS,2024,vpicdecode.csv,155,BLINDSPOTWARNING
CRSS,2024,vpicdecode.csv,156,BLINDSPOTINTERVENTIONID
CRSS,2024,vpicdecode.csv,157,BLINDSPOTINTERVENTION
CRSS,2024,vpicdecode.csv,158,LANEDEPARTUREWARNINGID
CRSS,2024,vpicdecode.csv,159,LANEDEPARTUREWARNING
CRSS,2024,vpicdecode.csv,160,LANEKEEPINGASSISTANCEID
CRSS,2024,vpicdecode.csv,161,LANEKEEPINGASSISTANCE
CRSS,2024,vpicdecode.csv,162,LANECENTERINGASSISTANCEID
CRSS,2024,vpicdecode.csv,163,LANECENTERINGASSISTANCE
CRSS,2024,vpicdecode.csv,164,BACKUPCAMERAID
CRSS,2024,vpicdecode.csv,165,BACKUPCAMERA
CRSS,2024,vpicdecode.csv,166,REARCROSSTRAFFICALERTID
CRSS,2024,vpicdecode.csv,167,REARCROSSTRAFFICALERT
CRSS,2024,vpicdecode.csv,168,REARAUTOMATICEMERGENCYBRAKINGID
CRSS,2024,vpicdecode.csv,169,REARAUTOMATICEMERGENCYBRAKING
CRSS,2024,vpicdecode.csv,170,PARKASSISTID
CRSS,2024,vpicdecode.csv,171,PARKASSIST
CRSS,2024,vpicdecode.csv,172,DAYTIMERUNNINGLIGHTID
CRSS,2024,vpicdecode.csv,173,DAYTIMERUNNINGLIGHT
CRSS,2024,vpicdecode.csv,174,HEADLAMPLIGHTSOURCEID
CRSS,2024,vpicdecode.csv,175,HEADLAMPLIGHTSOURCE
CRSS,2024,vpicdecode.csv,176,SEMIAUTOHEADLAMPBEAMSWITCHINGID
CRSS,2024,vpicdecode.csv,177,SEMIAUTOHEADLAMPBEAMSWITCHING
CRSS,2024,vpicdecode.csv,178,ADAPTIVEDRIVINGBEAMID
CRSS,2024,vpicdecode.csv,179,ADAPTIVEDRIVINGBEAM
CRSS,2024,vpicdecode.csv,180,ADAPTIVECRUISECONTROLID
CRSS,2024,vpicdecode.csv,181,ADAPTIVECRUISECONTROL
CRSS,2024,vpicdecode.csv,182,ANTILOCKBRAKESYSTEMID
CRSS,2024,vpicdecode.csv,183,ANTILOCKBRAKESYSTEM
CRSS,2024,vpicdecode.csv,184,ELECTRONICSTABILITYCONTROLID
CRSS,2024,vpicdecode.csv,185,ELECTRONICSTABILITYCONTROL
CRSS,2024,vpicdecode.csv,186,TPMSID
CRSS,2024,vpicdecode.csv,187,TPMS
CRSS,2024,vpicdecode.csv,188,AUTOMATICCRASHNOTIFICATIONID
CRSS,2024,vpicdecode.csv,189,AUTOMATICCRASHNOTIFICATION
CRSS,2024,vpicdecode.csv,190,EVENTDATARECORDERID
CRSS,2024,vpicdecode.csv,191,EVENTDATARECORDER
CRSS,2024,vpicdecode.csv,192,TRACTIONCONTROLID
CRSS,2024,vpicdecode.csv,193,TRACTIONCONTROL
CRSS,2024,vpicdecode.csv,194,AUTOPEDESTRIANALERTINGSOUNDID
CRSS,2024,vpicdecode.csv,195,AUTOPEDESTRIANALERTINGSOUND
CRSS,2024,vpicdecode.csv,196,KEYLESSIGNITIONID
CRSS,2024,vpicdecode.csv,197,KEYLESSIGNITION
CRSS,2024,vpicdecode.csv,198,SAEAUTOMATIONLEVEL_FROM
CRSS,2024,vpicdecode.csv,199,SAEAUTOMATIONLEVEL_TO
CRSS,2024,vpicdecode.csv,200,AUTOREVERSESYSTEMID
CRSS,2024,vpicdecode.csv,201,AUTOREVERSESYSTEM
CRSS,2024,vpicdecode.csv,202,ACTIVESAFETYSYSNOTE
CRSS,2024,vpictrailerdecode.csv,1,CASENUM
CRSS,2024,vpictrailerdecode.csv,2,VEH_NO
CRSS,2024,vpictrailerdecode.csv,3,TRAILER_NO
CRSS,2024,vpictrailerdecode.csv,4,VEHICLEDESCRIPTOR
CRSS,2024,vpictrailerdecode.csv,5,VINDECODEDON
CRSS,2024,vpictrailerdecode.csv,6,VINDECODEERROR
CRSS,2024,vpictrailerdecode.csv,7,VEHICLETYPEID
CRSS,2024,vpictrailerdecode.csv,8,VEHICLETYPE
CRSS,2024,vpictrailerdecode.csv,9,MANUFACTURERFULLNAMEID
CRSS,2024,vpictrailerdecode.csv,10,MANUFACTURERFULLNAME
CRSS,2024,vpictrailerdecode.csv,11,MAKEID
CRSS,2024,vpictrailerdecode.csv,12,MAKE
CRSS,2024,vpictrailerdecode.csv,13,MODELID
CRSS,2024,vpictrailerdecode.csv,14,MODEL
CRSS,2024,vpictrailerdecode.csv,15,MODELYEAR
CRSS,2024,vpictrailerdecode.csv,16,SERIES
CRSS,2024,vpictrailerdecode.csv,17,TRIM
CRSS,2024,vpictrailerdecode.csv,18,PLANTCOUNTRYID
CRSS,2024,vpictrailerdecode.csv,19,PLANTCOUNTRY
CRSS,2024,vpictrailerdecode.csv,20,PLANTSTATE
CRSS,2024,vpictrailerdecode.csv,21,PLANTCITY
CRSS,2024,vpictrailerdecode.csv,22,PLANTCOMPANYNAME
CRSS,2024,vpictrailerdecode.csv,23,NONLANDUSEID
CRSS,2024,vpictrailerdecode.csv,24,NONLANDUSE
CRSS,2024,vpictrailerdecode.csv,25,NOTE
CRSS,2024,vpictrailerdecode.csv,26,BODYCLASSID
CRSS,2024,vpictrailerdecode.csv,27,BODYCLASS
CRSS,2024,vpictrailerdecode.csv,28,GROSSVEHICLEWEIGHTRATINGFROMID
CRSS,2024,vpictrailerdecode.csv,29,GROSSVEHICLEWEIGHTRATINGFROM
CRSS,2024,vpictrailerdecode.csv,30,GROSSVEHICLEWEIGHTRATINGTOID
CRSS,2024,vpictrailerdecode.csv,31,GROSSVEHICLEWEIGHTRATINGTO
CRSS,2024,vpictrailerdecode.csv,32,TRAILERBODYTYPEID
CRSS,2024,vpictrailerdecode.csv,33,TRAILERBODYTYPE
CRSS,2024,vpictrailerdecode.csv,34,TRAILERTYPECONNECTIONID
CRSS,2024,vpictrailerdecode.csv,35,TRAILERTYPECONNECTION
CRSS,2024,vpictrailerdecode.csv,36,TRAILERLENGTHFT
CRSS,2024,vpictrailerdecode.csv,37,OTHERTRAILERINFO
CRSS,2024,vpictrailerdecode.csv,38,AXLESCOUNT
CRSS,2024,vpictrailerdecode.csv,39,AXLECONFIGURATIONID
CRSS,2024,vpictrailerdecode.csv,40,AXLECONFIGURATION
CRSS,2024,vsoe.csv,1,CASENUM
CRSS,2024,vsoe.csv,2,VEH_NO
CRSS,2024,vsoe.csv,3,PSU
CRSS,2024,vsoe.csv,4,PSU_VAR
CRSS,2024,vsoe.csv,5,PSUSTRAT
CRSS,2024,vsoe.csv,6,REGION
CRSS,2024,vsoe.csv,7,REGIONNAME
CRSS,2024,vsoe.csv,8,URBANICITY
CRSS,2024,vsoe.csv,9,URBANICITYNAME
CRSS,2024,vsoe.csv,10,STRATUM
CRSS,2024,vsoe.csv,11,STRATUMNAME
CRSS,2024,vsoe.csv,12,PJ
CRSS,2024,vsoe.csv,13,WEIGHT
CRSS,2024,vsoe.csv,14,VEVENTNUM
CRSS,2024,vsoe.csv,15,SOE
CRSS,2024,vsoe.csv,16,SOENAME
CRSS,2024,vsoe.csv,17,AOI
CRSS,2024,vsoe.csv,18,AOINAME
CRSS,2024,weather.csv,1,CASENUM
CRSS,2024,weather.csv,2,PSU
CRSS,2024,weather.csv,3,PSU_VAR
CRSS,2024,weather.csv,4,PSUSTRAT
CRSS,2024,weather.csv,5,REGION
CRSS,2024,weather.csv,6,REGIONNAME
CRSS,2024,weather.csv,7,URBANICITY
CRSS,2024,weather.csv,8,URBANICITYNAME
CRSS,2024,weather.csv,9,STRATUM
CRSS,2024,weather.csv,10,STRATUMNAME
CRSS,2024,weather.csv,11,PJ
CRSS,2024,weather.csv,12,WEIGHT
CRSS,2024,weather.csv,13,WEATHER
CRSS,2024,weather.csv,14,WEATHERNAME
