timestamp_s,hmi_safety_state,driver_seatbelt,passenger_seatbelt,driver_occupant,passenger_occupant,driver_airbag,passenger_airbag,side_airbag,curtain_airbag,restraint_integrity,restraint_diagnostic,rcm_heartbeat,occupant_sensor_heartbeat,gateway_heartbeat,restraint_sequence,scenario,connectivity_state,forensic_state,synchronization_state,soc_handoff_state,laboratory_generated,physical_vehicle,direct_actuation
0.0,NORMAL,1,1,1,1,0,0,0,0,1,0,1,1,1,0,NORMAL_BASELINE,CONNECTED,CONNECTED_STREAM,NOT_REQUIRED,NOT_REQUIRED,True,False,False
0.05,NORMAL,1,1,1,1,0,0,0,0,1,0,1,1,1,1,NORMAL_BASELINE,CONNECTED,CONNECTED_STREAM,NOT_REQUIRED,NOT_REQUIRED,True,False,False
0.1,NORMAL,1,1,1,1,0,0,0,0,1,0,1,1,1,2,NORMAL_BASELINE,CONNECTED,CONNECTED_STREAM,NOT_REQUIRED,NOT_REQUIRED,True,False,False
0.15,NORMAL,1,1,1,1,0,0,0,0,1,0,1,1,1,3,NORMAL_BASELINE,CONNECTED,CONNECTED_STREAM,NOT_REQUIRED,NOT_REQUIRED,True,False,False
0.2,NORMAL,1,1,1,1,0,0,0,0,1,0,1,1,1,4,NORMAL_BASELINE,CONNECTED,CONNECTED_STREAM,NOT_REQUIRED,NOT_REQUIRED,True,False,False
0.25,NORMAL,1,1,1,1,0,0,0,0,1,0,1,1,1,5,NORMAL_BASELINE,CONNECTED,CONNECTED_STREAM,NOT_REQUIRED,NOT_REQUIRED,True,False,False
0.3,NORMAL,1,1,1,1,0,0,0,0,1,0,1,1,1,6,NORMAL_BASELINE,CONNECTED,CONNECTED_STREAM,NOT_REQUIRED,NOT_REQUIRED,True,False,False
0.35,NORMAL,1,1,1,1,0,0,0,0,1,0,1,1,1,7,NORMAL_BASELINE,CONNECTED,CONNECTED_STREAM,NOT_REQUIRED,NOT_REQUIRED,True,False,False
0.4,NORMAL,1,1,1,1,0,0,0,0,1,0,1,1,1,8,NORMAL_BASELINE,CONNECTED,CONNECTED_STREAM,NOT_REQUIRED,NOT_REQUIRED,True,False,False
0.45,NORMAL,1,1,1,1,0,0,0,0,1,0,1,1,1,9,NORMAL_BASELINE,CONNECTED,CONNECTED_STREAM,NOT_REQUIRED,NOT_REQUIRED,True,False,False
0.5,NORMAL,1,1,1,1,0,0,0,0,1,0,1,1,1,10,NORMAL_BASELINE,CONNECTED,CONNECTED_STREAM,NOT_REQUIRED,NOT_REQUIRED,True,False,False
0.55,NORMAL,1,1,1,1,0,0,0,0,1,0,1,1,1,11,NORMAL_BASELINE,CONNECTED,CONNECTED_STREAM,NOT_REQUIRED,NOT_REQUIRED,True,False,False
0.6,NORMAL,1,1,1,1,0,0,0,0,1,0,1,1,1,12,NORMAL_BASELINE,CONNECTED,CONNECTED_STREAM,NOT_REQUIRED,NOT_REQUIRED,True,False,False
0.65,NORMAL,1,1,1,1,0,0,0,0,1,0,1,1,1,13,NORMAL_BASELINE,CONNECTED,CONNECTED_STREAM,NOT_REQUIRED,NOT_REQUIRED,True,False,False
0.7,NORMAL,1,1,1,1,0,0,0,0,1,0,1,1,1,14,NORMAL_BASELINE,CONNECTED,CONNECTED_STREAM,NOT_REQUIRED,NOT_REQUIRED,True,False,False
0.75,NORMAL,1,1,1,1,0,0,0,0,1,0,1,1,1,15,NORMAL_BASELINE,CONNECTED,CONNECTED_STREAM,NOT_REQUIRED,NOT_REQUIRED,True,False,False
0.8,NORMAL,1,1,1,1,0,0,0,0,1,0,1,1,1,16,NORMAL_BASELINE,CONNECTED,CONNECTED_STREAM,NOT_REQUIRED,NOT_REQUIRED,True,False,False
0.85,NORMAL,1,1,1,1,0,0,0,0,1,0,1,1,1,17,NORMAL_BASELINE,CONNECTED,CONNECTED_STREAM,NOT_REQUIRED,NOT_REQUIRED,True,False,False
0.9,NORMAL,1,1,1,1,0,0,0,0,1,0,1,1,1,18,NORMAL_BASELINE,CONNECTED,CONNECTED_STREAM,NOT_REQUIRED,NOT_REQUIRED,True,False,False
0.95,NORMAL,1,1,1,1,0,0,0,0,1,0,1,1,1,19,NORMAL_BASELINE,CONNECTED,CONNECTED_STREAM,NOT_REQUIRED,NOT_REQUIRED,True,False,False
1.0,NORMAL,1,1,1,1,0,0,0,0,1,0,1,1,1,20,NORMAL_BASELINE,CONNECTED,CONNECTED_STREAM,NOT_REQUIRED,NOT_REQUIRED,True,False,False
1.05,NORMAL,1,1,1,1,0,0,0,0,1,0,1,1,1,21,NORMAL_BASELINE,CONNECTED,CONNECTED_STREAM,NOT_REQUIRED,NOT_REQUIRED,True,False,False
1.1,NORMAL,1,1,1,1,0,0,0,0,1,0,1,1,1,22,NORMAL_BASELINE,CONNECTED,CONNECTED_STREAM,NOT_REQUIRED,NOT_REQUIRED,True,False,False
1.15,NORMAL,1,1,1,1,0,0,0,0,1,0,1,1,1,23,NORMAL_BASELINE,CONNECTED,CONNECTED_STREAM,NOT_REQUIRED,NOT_REQUIRED,True,False,False
1.2,NORMAL,1,1,1,1,0,0,0,0,1,0,1,1,1,24,NORMAL_BASELINE,CONNECTED,CONNECTED_STREAM,NOT_REQUIRED,NOT_REQUIRED,True,False,False
1.25,NORMAL,1,1,1,1,0,0,0,0,1,0,1,1,1,25,NORMAL_BASELINE,CONNECTED,CONNECTED_STREAM,NOT_REQUIRED,NOT_REQUIRED,True,False,False
1.3,NORMAL,1,1,1,1,0,0,0,0,1,0,1,1,1,26,NORMAL_BASELINE,CONNECTED,CONNECTED_STREAM,NOT_REQUIRED,NOT_REQUIRED,True,False,False
1.35,NORMAL,1,1,1,1,0,0,0,0,1,0,1,1,1,27,NORMAL_BASELINE,CONNECTED,CONNECTED_STREAM,NOT_REQUIRED,NOT_REQUIRED,True,False,False
1.4,NORMAL,1,1,1,1,0,0,0,0,1,0,1,1,1,28,NORMAL_BASELINE,CONNECTED,CONNECTED_STREAM,NOT_REQUIRED,NOT_REQUIRED,True,False,False
1.45,NORMAL,1,1,1,1,0,0,0,0,1,0,1,1,1,29,NORMAL_BASELINE,CONNECTED,CONNECTED_STREAM,NOT_REQUIRED,NOT_REQUIRED,True,False,False
1.5,NORMAL,1,1,1,1,0,0,0,0,1,0,1,1,1,30,NORMAL_BASELINE,CONNECTED,CONNECTED_STREAM,NOT_REQUIRED,NOT_REQUIRED,True,False,False
1.55,NORMAL,1,1,1,1,0,0,0,0,1,0,1,1,1,31,NORMAL_BASELINE,CONNECTED,CONNECTED_STREAM,NOT_REQUIRED,NOT_REQUIRED,True,False,False
1.6,NORMAL,1,1,1,1,0,0,0,0,1,0,1,1,1,32,NORMAL_BASELINE,CONNECTED,CONNECTED_STREAM,NOT_REQUIRED,NOT_REQUIRED,True,False,False
1.65,NORMAL,1,1,1,1,0,0,0,0,1,0,1,1,1,33,NORMAL_BASELINE,CONNECTED,CONNECTED_STREAM,NOT_REQUIRED,NOT_REQUIRED,True,False,False
1.7,NORMAL,1,1,1,1,0,0,0,0,1,0,1,1,1,34,NORMAL_BASELINE,CONNECTED,CONNECTED_STREAM,NOT_REQUIRED,NOT_REQUIRED,True,False,False
1.75,NORMAL,1,1,1,1,0,0,0,0,1,0,1,1,1,35,NORMAL_BASELINE,CONNECTED,CONNECTED_STREAM,NOT_REQUIRED,NOT_REQUIRED,True,False,False
1.8,NORMAL,1,1,1,1,0,0,0,0,1,0,1,1,1,36,NORMAL_BASELINE,CONNECTED,CONNECTED_STREAM,NOT_REQUIRED,NOT_REQUIRED,True,False,False
1.85,NORMAL,1,1,1,1,0,0,0,0,1,0,1,1,1,37,NORMAL_BASELINE,CONNECTED,CONNECTED_STREAM,NOT_REQUIRED,NOT_REQUIRED,True,False,False
1.9,NORMAL,1,1,1,1,0,0,0,0,1,0,1,1,1,38,NORMAL_BASELINE,CONNECTED,CONNECTED_STREAM,NOT_REQUIRED,NOT_REQUIRED,True,False,False
1.95,NORMAL,1,1,1,1,0,0,0,0,1,0,1,1,1,39,NORMAL_BASELINE,CONNECTED,CONNECTED_STREAM,NOT_REQUIRED,NOT_REQUIRED,True,False,False
2.0,NORMAL,1,1,1,1,0,0,0,0,1,0,1,1,1,40,NORMAL_BASELINE,CONNECTED,CONNECTED_STREAM,NOT_REQUIRED,NOT_REQUIRED,True,False,False
2.05,NORMAL,1,1,1,1,0,0,0,0,1,0,1,1,1,41,NORMAL_BASELINE,CONNECTED,CONNECTED_STREAM,NOT_REQUIRED,NOT_REQUIRED,True,False,False
2.1,NORMAL,1,1,1,1,0,0,0,0,1,0,1,1,1,42,NORMAL_BASELINE,CONNECTED,CONNECTED_STREAM,NOT_REQUIRED,NOT_REQUIRED,True,False,False
2.15,NORMAL,1,1,1,1,0,0,0,0,1,0,1,1,1,43,NORMAL_BASELINE,CONNECTED,CONNECTED_STREAM,NOT_REQUIRED,NOT_REQUIRED,True,False,False
2.2,NORMAL,1,1,1,1,0,0,0,0,1,0,1,1,1,44,NORMAL_BASELINE,CONNECTED,CONNECTED_STREAM,NOT_REQUIRED,NOT_REQUIRED,True,False,False
2.25,NORMAL,1,1,1,1,0,0,0,0,1,0,1,1,1,45,NORMAL_BASELINE,CONNECTED,CONNECTED_STREAM,NOT_REQUIRED,NOT_REQUIRED,True,False,False
2.3,NORMAL,1,1,1,1,0,0,0,0,1,0,1,1,1,46,NORMAL_BASELINE,CONNECTED,CONNECTED_STREAM,NOT_REQUIRED,NOT_REQUIRED,True,False,False
2.35,NORMAL,1,1,1,1,0,0,0,0,1,0,1,1,1,47,NORMAL_BASELINE,CONNECTED,CONNECTED_STREAM,NOT_REQUIRED,NOT_REQUIRED,True,False,False
2.4,NORMAL,1,1,1,1,0,0,0,0,1,0,1,1,1,48,NORMAL_BASELINE,CONNECTED,CONNECTED_STREAM,NOT_REQUIRED,NOT_REQUIRED,True,False,False
2.45,NORMAL,1,1,1,1,0,0,0,0,1,0,1,1,1,49,NORMAL_BASELINE,CONNECTED,CONNECTED_STREAM,NOT_REQUIRED,NOT_REQUIRED,True,False,False
2.5,NORMAL,1,1,1,1,0,0,0,0,1,0,1,1,1,50,NORMAL_BASELINE,CONNECTED,CONNECTED_STREAM,NOT_REQUIRED,NOT_REQUIRED,True,False,False
2.55,NORMAL,1,1,1,1,0,0,0,0,1,0,1,1,1,51,NORMAL_BASELINE,CONNECTED,CONNECTED_STREAM,NOT_REQUIRED,NOT_REQUIRED,True,False,False
2.6,NORMAL,1,1,1,1,0,0,0,0,1,0,1,1,1,52,NORMAL_BASELINE,CONNECTED,CONNECTED_STREAM,NOT_REQUIRED,NOT_REQUIRED,True,False,False
2.65,NORMAL,1,1,1,1,0,0,0,0,1,0,1,1,1,53,NORMAL_BASELINE,CONNECTED,CONNECTED_STREAM,NOT_REQUIRED,NOT_REQUIRED,True,False,False
2.7,NORMAL,1,1,1,1,0,0,0,0,1,0,1,1,1,54,NORMAL_BASELINE,CONNECTED,CONNECTED_STREAM,NOT_REQUIRED,NOT_REQUIRED,True,False,False
2.75,NORMAL,1,1,1,1,0,0,0,0,1,0,1,1,1,55,NORMAL_BASELINE,CONNECTED,CONNECTED_STREAM,NOT_REQUIRED,NOT_REQUIRED,True,False,False
2.8,NORMAL,1,1,1,1,0,0,0,0,1,0,1,1,1,56,NORMAL_BASELINE,CONNECTED,CONNECTED_STREAM,NOT_REQUIRED,NOT_REQUIRED,True,False,False
2.85,NORMAL,1,1,1,1,0,0,0,0,1,0,1,1,1,57,NORMAL_BASELINE,CONNECTED,CONNECTED_STREAM,NOT_REQUIRED,NOT_REQUIRED,True,False,False
2.9,NORMAL,1,1,1,1,0,0,0,0,1,0,1,1,1,58,NORMAL_BASELINE,CONNECTED,CONNECTED_STREAM,NOT_REQUIRED,NOT_REQUIRED,True,False,False
2.95,NORMAL,1,1,1,1,0,0,0,0,1,0,1,1,1,59,NORMAL_BASELINE,CONNECTED,CONNECTED_STREAM,NOT_REQUIRED,NOT_REQUIRED,True,False,False
3.0,NORMAL,1,1,1,1,0,0,0,0,1,0,1,1,1,60,NORMAL_BASELINE,CONNECTED,CONNECTED_STREAM,NOT_REQUIRED,NOT_REQUIRED,True,False,False
3.05,NORMAL,1,1,1,1,0,0,0,0,1,0,1,1,1,61,NORMAL_BASELINE,CONNECTED,CONNECTED_STREAM,NOT_REQUIRED,NOT_REQUIRED,True,False,False
3.1,NORMAL,1,1,1,1,0,0,0,0,1,0,1,1,1,62,NORMAL_BASELINE,CONNECTED,CONNECTED_STREAM,NOT_REQUIRED,NOT_REQUIRED,True,False,False
3.15,NORMAL,1,1,1,1,0,0,0,0,1,0,1,1,1,63,NORMAL_BASELINE,CONNECTED,CONNECTED_STREAM,NOT_REQUIRED,NOT_REQUIRED,True,False,False
3.2,NORMAL,1,1,1,1,0,0,0,0,1,0,1,1,1,64,NORMAL_BASELINE,CONNECTED,CONNECTED_STREAM,NOT_REQUIRED,NOT_REQUIRED,True,False,False
3.25,NORMAL,1,1,1,1,0,0,0,0,1,0,1,1,1,65,NORMAL_BASELINE,CONNECTED,CONNECTED_STREAM,NOT_REQUIRED,NOT_REQUIRED,True,False,False
3.3,NORMAL,1,1,1,1,0,0,0,0,1,0,1,1,1,66,NORMAL_BASELINE,CONNECTED,CONNECTED_STREAM,NOT_REQUIRED,NOT_REQUIRED,True,False,False
3.35,NORMAL,1,1,1,1,0,0,0,0,1,0,1,1,1,67,NORMAL_BASELINE,CONNECTED,CONNECTED_STREAM,NOT_REQUIRED,NOT_REQUIRED,True,False,False
3.4,NORMAL,1,1,1,1,0,0,0,0,1,0,1,1,1,68,NORMAL_BASELINE,CONNECTED,CONNECTED_STREAM,NOT_REQUIRED,NOT_REQUIRED,True,False,False
3.45,NORMAL,1,1,1,1,0,0,0,0,1,0,1,1,1,69,NORMAL_BASELINE,CONNECTED,CONNECTED_STREAM,NOT_REQUIRED,NOT_REQUIRED,True,False,False
3.5,NORMAL,1,1,1,1,0,0,0,0,1,0,1,1,1,70,NORMAL_BASELINE,CONNECTED,CONNECTED_STREAM,NOT_REQUIRED,NOT_REQUIRED,True,False,False
3.55,NORMAL,1,1,1,1,0,0,0,0,1,0,1,1,1,71,NORMAL_BASELINE,CONNECTED,CONNECTED_STREAM,NOT_REQUIRED,NOT_REQUIRED,True,False,False
3.6,NORMAL,1,1,1,1,0,0,0,0,1,0,1,1,1,72,NORMAL_BASELINE,CONNECTED,CONNECTED_STREAM,NOT_REQUIRED,NOT_REQUIRED,True,False,False
3.65,NORMAL,1,1,1,1,0,0,0,0,1,0,1,1,1,73,NORMAL_BASELINE,CONNECTED,CONNECTED_STREAM,NOT_REQUIRED,NOT_REQUIRED,True,False,False
3.7,NORMAL,1,1,1,1,0,0,0,0,1,0,1,1,1,74,NORMAL_BASELINE,CONNECTED,CONNECTED_STREAM,NOT_REQUIRED,NOT_REQUIRED,True,False,False
3.75,NORMAL,1,1,1,1,0,0,0,0,1,0,1,1,1,75,NORMAL_BASELINE,CONNECTED,CONNECTED_STREAM,NOT_REQUIRED,NOT_REQUIRED,True,False,False
3.8,NORMAL,1,1,1,1,0,0,0,0,1,0,1,1,1,76,NORMAL_BASELINE,CONNECTED,CONNECTED_STREAM,NOT_REQUIRED,NOT_REQUIRED,True,False,False
3.85,NORMAL,1,1,1,1,0,0,0,0,1,0,1,1,1,77,NORMAL_BASELINE,CONNECTED,CONNECTED_STREAM,NOT_REQUIRED,NOT_REQUIRED,True,False,False
3.9,NORMAL,1,1,1,1,0,0,0,0,1,0,1,1,1,78,NORMAL_BASELINE,CONNECTED,CONNECTED_STREAM,NOT_REQUIRED,NOT_REQUIRED,True,False,False
3.95,NORMAL,1,1,1,1,0,0,0,0,1,0,1,1,1,79,NORMAL_BASELINE,CONNECTED,CONNECTED_STREAM,NOT_REQUIRED,NOT_REQUIRED,True,False,False
4.0,NORMAL,1,1,1,1,0,0,0,0,1,0,1,1,1,80,NORMAL_BASELINE,CONNECTED,CONNECTED_STREAM,NOT_REQUIRED,NOT_REQUIRED,True,False,False
4.05,NORMAL,1,1,1,1,0,0,0,0,1,0,1,1,1,81,NORMAL_BASELINE,CONNECTED,CONNECTED_STREAM,NOT_REQUIRED,NOT_REQUIRED,True,False,False
4.1,NORMAL,1,1,1,1,0,0,0,0,1,0,1,1,1,82,NORMAL_BASELINE,CONNECTED,CONNECTED_STREAM,NOT_REQUIRED,NOT_REQUIRED,True,False,False
4.15,NORMAL,1,1,1,1,0,0,0,0,1,0,1,1,1,83,NORMAL_BASELINE,CONNECTED,CONNECTED_STREAM,NOT_REQUIRED,NOT_REQUIRED,True,False,False
4.2,NORMAL,1,1,1,1,0,0,0,0,1,0,1,1,1,84,NORMAL_BASELINE,CONNECTED,CONNECTED_STREAM,NOT_REQUIRED,NOT_REQUIRED,True,False,False
4.25,NORMAL,1,1,1,1,0,0,0,0,1,0,1,1,1,85,NORMAL_BASELINE,CONNECTED,CONNECTED_STREAM,NOT_REQUIRED,NOT_REQUIRED,True,False,False
4.3,NORMAL,1,1,1,1,0,0,0,0,1,0,1,1,1,86,NORMAL_BASELINE,CONNECTED,CONNECTED_STREAM,NOT_REQUIRED,NOT_REQUIRED,True,False,False
4.35,NORMAL,1,1,1,1,0,0,0,0,1,0,1,1,1,87,NORMAL_BASELINE,CONNECTED,CONNECTED_STREAM,NOT_REQUIRED,NOT_REQUIRED,True,False,False
4.4,NORMAL,1,1,1,1,0,0,0,0,1,0,1,1,1,88,NORMAL_BASELINE,CONNECTED,CONNECTED_STREAM,NOT_REQUIRED,NOT_REQUIRED,True,False,False
4.45,NORMAL,1,1,1,1,0,0,0,0,1,0,1,1,1,89,NORMAL_BASELINE,CONNECTED,CONNECTED_STREAM,NOT_REQUIRED,NOT_REQUIRED,True,False,False
4.5,NORMAL,1,1,1,1,0,0,0,0,1,0,1,1,1,90,NORMAL_BASELINE,CONNECTED,CONNECTED_STREAM,NOT_REQUIRED,NOT_REQUIRED,True,False,False
4.55,NORMAL,1,1,1,1,0,0,0,0,1,0,1,1,1,91,NORMAL_BASELINE,CONNECTED,CONNECTED_STREAM,NOT_REQUIRED,NOT_REQUIRED,True,False,False
4.6,NORMAL,1,1,1,1,0,0,0,0,1,0,1,1,1,92,NORMAL_BASELINE,CONNECTED,CONNECTED_STREAM,NOT_REQUIRED,NOT_REQUIRED,True,False,False
4.65,NORMAL,1,1,1,1,0,0,0,0,1,0,1,1,1,93,NORMAL_BASELINE,CONNECTED,CONNECTED_STREAM,NOT_REQUIRED,NOT_REQUIRED,True,False,False
4.7,NORMAL,1,1,1,1,0,0,0,0,1,0,1,1,1,94,NORMAL_BASELINE,CONNECTED,CONNECTED_STREAM,NOT_REQUIRED,NOT_REQUIRED,True,False,False
4.75,NORMAL,1,1,1,1,0,0,0,0,1,0,1,1,1,95,NORMAL_BASELINE,CONNECTED,CONNECTED_STREAM,NOT_REQUIRED,NOT_REQUIRED,True,False,False
4.8,NORMAL,1,1,1,1,0,0,0,0,1,0,1,1,1,96,NORMAL_BASELINE,CONNECTED,CONNECTED_STREAM,NOT_REQUIRED,NOT_REQUIRED,True,False,False
4.85,NORMAL,1,1,1,1,0,0,0,0,1,0,1,1,1,97,NORMAL_BASELINE,CONNECTED,CONNECTED_STREAM,NOT_REQUIRED,NOT_REQUIRED,True,False,False
4.9,NORMAL,1,1,1,1,0,0,0,0,1,0,1,1,1,98,NORMAL_BASELINE,CONNECTED,CONNECTED_STREAM,NOT_REQUIRED,NOT_REQUIRED,True,False,False
4.95,NORMAL,1,1,1,1,0,0,0,0,1,0,1,1,1,99,NORMAL_BASELINE,CONNECTED,CONNECTED_STREAM,NOT_REQUIRED,NOT_REQUIRED,True,False,False
5.0,NORMAL,1,1,1,1,0,0,0,0,1,0,1,1,1,100,NORMAL_BASELINE,CONNECTED,CONNECTED_STREAM,NOT_REQUIRED,NOT_REQUIRED,True,False,False
5.05,NORMAL,1,1,1,1,0,0,0,0,1,0,1,1,1,101,NORMAL_BASELINE,CONNECTED,CONNECTED_STREAM,NOT_REQUIRED,NOT_REQUIRED,True,False,False
5.1,NORMAL,1,1,1,1,0,0,0,0,1,0,1,1,1,102,NORMAL_BASELINE,CONNECTED,CONNECTED_STREAM,NOT_REQUIRED,NOT_REQUIRED,True,False,False
5.15,NORMAL,1,1,1,1,0,0,0,0,1,0,1,1,1,103,NORMAL_BASELINE,CONNECTED,CONNECTED_STREAM,NOT_REQUIRED,NOT_REQUIRED,True,False,False
5.2,NORMAL,1,1,1,1,0,0,0,0,1,0,1,1,1,104,NORMAL_BASELINE,CONNECTED,CONNECTED_STREAM,NOT_REQUIRED,NOT_REQUIRED,True,False,False
5.25,NORMAL,1,1,1,1,0,0,0,0,1,0,1,1,1,105,NORMAL_BASELINE,CONNECTED,CONNECTED_STREAM,NOT_REQUIRED,NOT_REQUIRED,True,False,False
5.3,NORMAL,1,1,1,1,0,0,0,0,1,0,1,1,1,106,NORMAL_BASELINE,CONNECTED,CONNECTED_STREAM,NOT_REQUIRED,NOT_REQUIRED,True,False,False
5.35,NORMAL,1,1,1,1,0,0,0,0,1,0,1,1,1,107,NORMAL_BASELINE,CONNECTED,CONNECTED_STREAM,NOT_REQUIRED,NOT_REQUIRED,True,False,False
5.4,NORMAL,1,1,1,1,0,0,0,0,1,0,1,1,1,108,NORMAL_BASELINE,CONNECTED,CONNECTED_STREAM,NOT_REQUIRED,NOT_REQUIRED,True,False,False
5.45,NORMAL,1,1,1,1,0,0,0,0,1,0,1,1,1,109,NORMAL_BASELINE,CONNECTED,CONNECTED_STREAM,NOT_REQUIRED,NOT_REQUIRED,True,False,False
5.5,NORMAL,1,1,1,1,0,0,0,0,1,0,1,1,1,110,NORMAL_BASELINE,CONNECTED,CONNECTED_STREAM,NOT_REQUIRED,NOT_REQUIRED,True,False,False
5.55,NORMAL,1,1,1,1,0,0,0,0,1,0,1,1,1,111,NORMAL_BASELINE,CONNECTED,CONNECTED_STREAM,NOT_REQUIRED,NOT_REQUIRED,True,False,False
5.6,NORMAL,1,1,1,1,0,0,0,0,1,0,1,1,1,112,NORMAL_BASELINE,CONNECTED,CONNECTED_STREAM,NOT_REQUIRED,NOT_REQUIRED,True,False,False
5.65,NORMAL,1,1,1,1,0,0,0,0,1,0,1,1,1,113,NORMAL_BASELINE,CONNECTED,CONNECTED_STREAM,NOT_REQUIRED,NOT_REQUIRED,True,False,False
5.7,NORMAL,1,1,1,1,0,0,0,0,1,0,1,1,1,114,NORMAL_BASELINE,CONNECTED,CONNECTED_STREAM,NOT_REQUIRED,NOT_REQUIRED,True,False,False
5.75,NORMAL,1,1,1,1,0,0,0,0,1,0,1,1,1,115,NORMAL_BASELINE,CONNECTED,CONNECTED_STREAM,NOT_REQUIRED,NOT_REQUIRED,True,False,False
5.8,NORMAL,1,1,1,1,0,0,0,0,1,0,1,1,1,116,NORMAL_BASELINE,CONNECTED,CONNECTED_STREAM,NOT_REQUIRED,NOT_REQUIRED,True,False,False
5.85,NORMAL,1,1,1,1,0,0,0,0,1,0,1,1,1,117,NORMAL_BASELINE,CONNECTED,CONNECTED_STREAM,NOT_REQUIRED,NOT_REQUIRED,True,False,False
5.9,NORMAL,1,1,1,1,0,0,0,0,1,0,1,1,1,118,NORMAL_BASELINE,CONNECTED,CONNECTED_STREAM,NOT_REQUIRED,NOT_REQUIRED,True,False,False
5.95,NORMAL,1,1,1,1,0,0,0,0,1,0,1,1,1,119,NORMAL_BASELINE,CONNECTED,CONNECTED_STREAM,NOT_REQUIRED,NOT_REQUIRED,True,False,False
6.0,NORMAL,1,1,1,1,0,0,0,0,1,0,1,1,1,120,NORMAL_BASELINE,CONNECTED,CONNECTED_STREAM,NOT_REQUIRED,NOT_REQUIRED,True,False,False
6.05,NORMAL,1,1,1,1,0,0,0,0,1,0,1,1,1,121,NORMAL_BASELINE,CONNECTED,CONNECTED_STREAM,NOT_REQUIRED,NOT_REQUIRED,True,False,False
6.1,NORMAL,1,1,1,1,0,0,0,0,1,0,1,1,1,122,NORMAL_BASELINE,CONNECTED,CONNECTED_STREAM,NOT_REQUIRED,NOT_REQUIRED,True,False,False
6.15,NORMAL,1,1,1,1,0,0,0,0,1,0,1,1,1,123,NORMAL_BASELINE,CONNECTED,CONNECTED_STREAM,NOT_REQUIRED,NOT_REQUIRED,True,False,False
6.2,NORMAL,1,1,1,1,0,0,0,0,1,0,1,1,1,124,NORMAL_BASELINE,CONNECTED,CONNECTED_STREAM,NOT_REQUIRED,NOT_REQUIRED,True,False,False
6.25,NORMAL,1,1,1,1,0,0,0,0,1,0,1,1,1,125,NORMAL_BASELINE,CONNECTED,CONNECTED_STREAM,NOT_REQUIRED,NOT_REQUIRED,True,False,False
6.3,NORMAL,1,1,1,1,0,0,0,0,1,0,1,1,1,126,NORMAL_BASELINE,CONNECTED,CONNECTED_STREAM,NOT_REQUIRED,NOT_REQUIRED,True,False,False
6.35,NORMAL,1,1,1,1,0,0,0,0,1,0,1,1,1,127,NORMAL_BASELINE,CONNECTED,CONNECTED_STREAM,NOT_REQUIRED,NOT_REQUIRED,True,False,False
6.4,NORMAL,1,1,1,1,0,0,0,0,1,0,1,1,1,128,NORMAL_BASELINE,CONNECTED,CONNECTED_STREAM,NOT_REQUIRED,NOT_REQUIRED,True,False,False
6.45,NORMAL,1,1,1,1,0,0,0,0,1,0,1,1,1,129,NORMAL_BASELINE,CONNECTED,CONNECTED_STREAM,NOT_REQUIRED,NOT_REQUIRED,True,False,False
6.5,NORMAL,1,1,1,1,0,0,0,0,1,0,1,1,1,130,NORMAL_BASELINE,CONNECTED,CONNECTED_STREAM,NOT_REQUIRED,NOT_REQUIRED,True,False,False
6.55,NORMAL,1,1,1,1,0,0,0,0,1,0,1,1,1,131,NORMAL_BASELINE,CONNECTED,CONNECTED_STREAM,NOT_REQUIRED,NOT_REQUIRED,True,False,False
6.6,NORMAL,1,1,1,1,0,0,0,0,1,0,1,1,1,132,NORMAL_BASELINE,CONNECTED,CONNECTED_STREAM,NOT_REQUIRED,NOT_REQUIRED,True,False,False
6.65,NORMAL,1,1,1,1,0,0,0,0,1,0,1,1,1,133,NORMAL_BASELINE,CONNECTED,CONNECTED_STREAM,NOT_REQUIRED,NOT_REQUIRED,True,False,False
6.7,NORMAL,1,1,1,1,0,0,0,0,1,0,1,1,1,134,NORMAL_BASELINE,CONNECTED,CONNECTED_STREAM,NOT_REQUIRED,NOT_REQUIRED,True,False,False
6.75,NORMAL,1,1,1,1,0,0,0,0,1,0,1,1,1,135,NORMAL_BASELINE,CONNECTED,CONNECTED_STREAM,NOT_REQUIRED,NOT_REQUIRED,True,False,False
6.8,NORMAL,1,1,1,1,0,0,0,0,1,0,1,1,1,136,NORMAL_BASELINE,CONNECTED,CONNECTED_STREAM,NOT_REQUIRED,NOT_REQUIRED,True,False,False
6.85,NORMAL,1,1,1,1,0,0,0,0,1,0,1,1,1,137,NORMAL_BASELINE,CONNECTED,CONNECTED_STREAM,NOT_REQUIRED,NOT_REQUIRED,True,False,False
6.9,NORMAL,1,1,1,1,0,0,0,0,1,0,1,1,1,138,NORMAL_BASELINE,CONNECTED,CONNECTED_STREAM,NOT_REQUIRED,NOT_REQUIRED,True,False,False
6.95,NORMAL,1,1,1,1,0,0,0,0,1,0,1,1,1,139,NORMAL_BASELINE,CONNECTED,CONNECTED_STREAM,NOT_REQUIRED,NOT_REQUIRED,True,False,False
7.0,NORMAL,1,1,1,1,0,0,0,0,1,0,1,1,1,140,NORMAL_BASELINE,CONNECTED,CONNECTED_STREAM,NOT_REQUIRED,NOT_REQUIRED,True,False,False
7.05,NORMAL,1,1,1,1,0,0,0,0,1,0,1,1,1,141,NORMAL_BASELINE,CONNECTED,CONNECTED_STREAM,NOT_REQUIRED,NOT_REQUIRED,True,False,False
7.1,NORMAL,1,1,1,1,0,0,0,0,1,0,1,1,1,142,NORMAL_BASELINE,CONNECTED,CONNECTED_STREAM,NOT_REQUIRED,NOT_REQUIRED,True,False,False
7.15,NORMAL,1,1,1,1,0,0,0,0,1,0,1,1,1,143,NORMAL_BASELINE,CONNECTED,CONNECTED_STREAM,NOT_REQUIRED,NOT_REQUIRED,True,False,False
7.2,NORMAL,1,1,1,1,0,0,0,0,1,0,1,1,1,144,NORMAL_BASELINE,CONNECTED,CONNECTED_STREAM,NOT_REQUIRED,NOT_REQUIRED,True,False,False
7.25,NORMAL,1,1,1,1,0,0,0,0,1,0,1,1,1,145,NORMAL_BASELINE,CONNECTED,CONNECTED_STREAM,NOT_REQUIRED,NOT_REQUIRED,True,False,False
7.3,NORMAL,1,1,1,1,0,0,0,0,1,0,1,1,1,146,NORMAL_BASELINE,CONNECTED,CONNECTED_STREAM,NOT_REQUIRED,NOT_REQUIRED,True,False,False
7.35,NORMAL,1,1,1,1,0,0,0,0,1,0,1,1,1,147,NORMAL_BASELINE,CONNECTED,CONNECTED_STREAM,NOT_REQUIRED,NOT_REQUIRED,True,False,False
7.4,NORMAL,1,1,1,1,0,0,0,0,1,0,1,1,1,148,NORMAL_BASELINE,CONNECTED,CONNECTED_STREAM,NOT_REQUIRED,NOT_REQUIRED,True,False,False
7.45,NORMAL,1,1,1,1,0,0,0,0,1,0,1,1,1,149,NORMAL_BASELINE,CONNECTED,CONNECTED_STREAM,NOT_REQUIRED,NOT_REQUIRED,True,False,False
7.5,NORMAL,1,1,1,1,0,0,0,0,1,0,1,1,1,150,NORMAL_BASELINE,CONNECTED,CONNECTED_STREAM,NOT_REQUIRED,NOT_REQUIRED,True,False,False
7.55,NORMAL,1,1,1,1,0,0,0,0,1,0,1,1,1,151,NORMAL_BASELINE,CONNECTED,CONNECTED_STREAM,NOT_REQUIRED,NOT_REQUIRED,True,False,False
7.6,NORMAL,1,1,1,1,0,0,0,0,1,0,1,1,1,152,NORMAL_BASELINE,CONNECTED,CONNECTED_STREAM,NOT_REQUIRED,NOT_REQUIRED,True,False,False
7.65,NORMAL,1,1,1,1,0,0,0,0,1,0,1,1,1,153,NORMAL_BASELINE,CONNECTED,CONNECTED_STREAM,NOT_REQUIRED,NOT_REQUIRED,True,False,False
7.7,NORMAL,1,1,1,1,0,0,0,0,1,0,1,1,1,154,NORMAL_BASELINE,CONNECTED,CONNECTED_STREAM,NOT_REQUIRED,NOT_REQUIRED,True,False,False
7.75,NORMAL,1,1,1,1,0,0,0,0,1,0,1,1,1,155,NORMAL_BASELINE,CONNECTED,CONNECTED_STREAM,NOT_REQUIRED,NOT_REQUIRED,True,False,False
7.8,NORMAL,1,1,1,1,0,0,0,0,1,0,1,1,1,156,NORMAL_BASELINE,CONNECTED,CONNECTED_STREAM,NOT_REQUIRED,NOT_REQUIRED,True,False,False
7.85,NORMAL,1,1,1,1,0,0,0,0,1,0,1,1,1,157,NORMAL_BASELINE,CONNECTED,CONNECTED_STREAM,NOT_REQUIRED,NOT_REQUIRED,True,False,False
7.9,NORMAL,1,1,1,1,0,0,0,0,1,0,1,1,1,158,NORMAL_BASELINE,CONNECTED,CONNECTED_STREAM,NOT_REQUIRED,NOT_REQUIRED,True,False,False
7.95,NORMAL,1,1,1,1,0,0,0,0,1,0,1,1,1,159,NORMAL_BASELINE,CONNECTED,CONNECTED_STREAM,NOT_REQUIRED,NOT_REQUIRED,True,False,False
8.0,NORMAL,1,1,1,1,0,0,0,0,1,0,1,1,1,160,NORMAL_BASELINE,CONNECTED,CONNECTED_STREAM,NOT_REQUIRED,NOT_REQUIRED,True,False,False
8.05,NORMAL,1,1,1,1,0,0,0,0,1,0,1,1,1,161,NORMAL_BASELINE,CONNECTED,CONNECTED_STREAM,NOT_REQUIRED,NOT_REQUIRED,True,False,False
8.1,NORMAL,1,1,1,1,0,0,0,0,1,0,1,1,1,162,NORMAL_BASELINE,CONNECTED,CONNECTED_STREAM,NOT_REQUIRED,NOT_REQUIRED,True,False,False
8.15,NORMAL,1,1,1,1,0,0,0,0,1,0,1,1,1,163,NORMAL_BASELINE,CONNECTED,CONNECTED_STREAM,NOT_REQUIRED,NOT_REQUIRED,True,False,False
8.2,NORMAL,1,1,1,1,0,0,0,0,1,0,1,1,1,164,NORMAL_BASELINE,CONNECTED,CONNECTED_STREAM,NOT_REQUIRED,NOT_REQUIRED,True,False,False
8.25,NORMAL,1,1,1,1,0,0,0,0,1,0,1,1,1,165,NORMAL_BASELINE,CONNECTED,CONNECTED_STREAM,NOT_REQUIRED,NOT_REQUIRED,True,False,False
8.3,NORMAL,1,1,1,1,0,0,0,0,1,0,1,1,1,166,NORMAL_BASELINE,CONNECTED,CONNECTED_STREAM,NOT_REQUIRED,NOT_REQUIRED,True,False,False
8.35,NORMAL,1,1,1,1,0,0,0,0,1,0,1,1,1,167,NORMAL_BASELINE,CONNECTED,CONNECTED_STREAM,NOT_REQUIRED,NOT_REQUIRED,True,False,False
8.4,NORMAL,1,1,1,1,0,0,0,0,1,0,1,1,1,168,NORMAL_BASELINE,CONNECTED,CONNECTED_STREAM,NOT_REQUIRED,NOT_REQUIRED,True,False,False
8.45,NORMAL,1,1,1,1,0,0,0,0,1,0,1,1,1,169,NORMAL_BASELINE,CONNECTED,CONNECTED_STREAM,NOT_REQUIRED,NOT_REQUIRED,True,False,False
8.5,NORMAL,1,1,1,1,0,0,0,0,1,0,1,1,1,170,NORMAL_BASELINE,CONNECTED,CONNECTED_STREAM,NOT_REQUIRED,NOT_REQUIRED,True,False,False
8.55,NORMAL,1,1,1,1,0,0,0,0,1,0,1,1,1,171,NORMAL_BASELINE,CONNECTED,CONNECTED_STREAM,NOT_REQUIRED,NOT_REQUIRED,True,False,False
8.6,NORMAL,1,1,1,1,0,0,0,0,1,0,1,1,1,172,NORMAL_BASELINE,CONNECTED,CONNECTED_STREAM,NOT_REQUIRED,NOT_REQUIRED,True,False,False
8.65,NORMAL,1,1,1,1,0,0,0,0,1,0,1,1,1,173,NORMAL_BASELINE,CONNECTED,CONNECTED_STREAM,NOT_REQUIRED,NOT_REQUIRED,True,False,False
8.7,NORMAL,1,1,1,1,0,0,0,0,1,0,1,1,1,174,NORMAL_BASELINE,CONNECTED,CONNECTED_STREAM,NOT_REQUIRED,NOT_REQUIRED,True,False,False
8.75,NORMAL,1,1,1,1,0,0,0,0,1,0,1,1,1,175,NORMAL_BASELINE,CONNECTED,CONNECTED_STREAM,NOT_REQUIRED,NOT_REQUIRED,True,False,False
8.8,NORMAL,1,1,1,1,0,0,0,0,1,0,1,1,1,176,NORMAL_BASELINE,CONNECTED,CONNECTED_STREAM,NOT_REQUIRED,NOT_REQUIRED,True,False,False
8.85,NORMAL,1,1,1,1,0,0,0,0,1,0,1,1,1,177,NORMAL_BASELINE,CONNECTED,CONNECTED_STREAM,NOT_REQUIRED,NOT_REQUIRED,True,False,False
8.9,NORMAL,1,1,1,1,0,0,0,0,1,0,1,1,1,178,NORMAL_BASELINE,CONNECTED,CONNECTED_STREAM,NOT_REQUIRED,NOT_REQUIRED,True,False,False
8.95,NORMAL,1,1,1,1,0,0,0,0,1,0,1,1,1,179,NORMAL_BASELINE,CONNECTED,CONNECTED_STREAM,NOT_REQUIRED,NOT_REQUIRED,True,False,False
9.0,NORMAL,1,1,1,1,0,0,0,0,1,0,1,1,1,180,NORMAL_BASELINE,CONNECTED,CONNECTED_STREAM,NOT_REQUIRED,NOT_REQUIRED,True,False,False
9.05,NORMAL,1,1,1,1,0,0,0,0,1,0,1,1,1,181,NORMAL_BASELINE,CONNECTED,CONNECTED_STREAM,NOT_REQUIRED,NOT_REQUIRED,True,False,False
9.1,NORMAL,1,1,1,1,0,0,0,0,1,0,1,1,1,182,NORMAL_BASELINE,CONNECTED,CONNECTED_STREAM,NOT_REQUIRED,NOT_REQUIRED,True,False,False
9.15,NORMAL,1,1,1,1,0,0,0,0,1,0,1,1,1,183,NORMAL_BASELINE,CONNECTED,CONNECTED_STREAM,NOT_REQUIRED,NOT_REQUIRED,True,False,False
9.2,NORMAL,1,1,1,1,0,0,0,0,1,0,1,1,1,184,NORMAL_BASELINE,CONNECTED,CONNECTED_STREAM,NOT_REQUIRED,NOT_REQUIRED,True,False,False
9.25,NORMAL,1,1,1,1,0,0,0,0,1,0,1,1,1,185,NORMAL_BASELINE,CONNECTED,CONNECTED_STREAM,NOT_REQUIRED,NOT_REQUIRED,True,False,False
9.3,NORMAL,1,1,1,1,0,0,0,0,1,0,1,1,1,186,NORMAL_BASELINE,CONNECTED,CONNECTED_STREAM,NOT_REQUIRED,NOT_REQUIRED,True,False,False
9.35,NORMAL,1,1,1,1,0,0,0,0,1,0,1,1,1,187,NORMAL_BASELINE,CONNECTED,CONNECTED_STREAM,NOT_REQUIRED,NOT_REQUIRED,True,False,False
9.4,NORMAL,1,1,1,1,0,0,0,0,1,0,1,1,1,188,NORMAL_BASELINE,CONNECTED,CONNECTED_STREAM,NOT_REQUIRED,NOT_REQUIRED,True,False,False
9.45,NORMAL,1,1,1,1,0,0,0,0,1,0,1,1,1,189,NORMAL_BASELINE,CONNECTED,CONNECTED_STREAM,NOT_REQUIRED,NOT_REQUIRED,True,False,False
9.5,NORMAL,1,1,1,1,0,0,0,0,1,0,1,1,1,190,NORMAL_BASELINE,CONNECTED,CONNECTED_STREAM,NOT_REQUIRED,NOT_REQUIRED,True,False,False
9.55,NORMAL,1,1,1,1,0,0,0,0,1,0,1,1,1,191,NORMAL_BASELINE,CONNECTED,CONNECTED_STREAM,NOT_REQUIRED,NOT_REQUIRED,True,False,False
9.6,NORMAL,1,1,1,1,0,0,0,0,1,0,1,1,1,192,NORMAL_BASELINE,CONNECTED,CONNECTED_STREAM,NOT_REQUIRED,NOT_REQUIRED,True,False,False
9.65,NORMAL,1,1,1,1,0,0,0,0,1,0,1,1,1,193,NORMAL_BASELINE,CONNECTED,CONNECTED_STREAM,NOT_REQUIRED,NOT_REQUIRED,True,False,False
9.7,NORMAL,1,1,1,1,0,0,0,0,1,0,1,1,1,194,NORMAL_BASELINE,CONNECTED,CONNECTED_STREAM,NOT_REQUIRED,NOT_REQUIRED,True,False,False
9.75,NORMAL,1,1,1,1,0,0,0,0,1,0,1,1,1,195,NORMAL_BASELINE,CONNECTED,CONNECTED_STREAM,NOT_REQUIRED,NOT_REQUIRED,True,False,False
9.8,NORMAL,1,1,1,1,0,0,0,0,1,0,1,1,1,196,NORMAL_BASELINE,CONNECTED,CONNECTED_STREAM,NOT_REQUIRED,NOT_REQUIRED,True,False,False
9.85,NORMAL,1,1,1,1,0,0,0,0,1,0,1,1,1,197,NORMAL_BASELINE,CONNECTED,CONNECTED_STREAM,NOT_REQUIRED,NOT_REQUIRED,True,False,False
9.9,NORMAL,1,1,1,1,0,0,0,0,1,0,1,1,1,198,NORMAL_BASELINE,CONNECTED,CONNECTED_STREAM,NOT_REQUIRED,NOT_REQUIRED,True,False,False
9.95,NORMAL,1,1,1,1,0,0,0,0,1,0,1,1,1,199,NORMAL_BASELINE,CONNECTED,CONNECTED_STREAM,NOT_REQUIRED,NOT_REQUIRED,True,False,False
10.0,NORMAL,1,1,1,1,0,0,0,0,1,0,1,1,1,200,NORMAL_BASELINE,CONNECTED,CONNECTED_STREAM,NOT_REQUIRED,NOT_REQUIRED,True,False,False
10.05,NORMAL,1,1,1,1,0,0,0,0,1,0,1,1,1,201,NORMAL_BASELINE,CONNECTED,CONNECTED_STREAM,NOT_REQUIRED,NOT_REQUIRED,True,False,False
10.1,NORMAL,1,1,1,1,0,0,0,0,1,0,1,1,1,202,NORMAL_BASELINE,CONNECTED,CONNECTED_STREAM,NOT_REQUIRED,NOT_REQUIRED,True,False,False
10.15,NORMAL,1,1,1,1,0,0,0,0,1,0,1,1,1,203,NORMAL_BASELINE,CONNECTED,CONNECTED_STREAM,NOT_REQUIRED,NOT_REQUIRED,True,False,False
10.2,NORMAL,1,1,1,1,0,0,0,0,1,0,1,1,1,204,NORMAL_BASELINE,CONNECTED,CONNECTED_STREAM,NOT_REQUIRED,NOT_REQUIRED,True,False,False
10.25,NORMAL,1,1,1,1,0,0,0,0,1,0,1,1,1,205,NORMAL_BASELINE,CONNECTED,CONNECTED_STREAM,NOT_REQUIRED,NOT_REQUIRED,True,False,False
10.3,NORMAL,1,1,1,1,0,0,0,0,1,0,1,1,1,206,NORMAL_BASELINE,CONNECTED,CONNECTED_STREAM,NOT_REQUIRED,NOT_REQUIRED,True,False,False
10.35,NORMAL,1,1,1,1,0,0,0,0,1,0,1,1,1,207,NORMAL_BASELINE,CONNECTED,CONNECTED_STREAM,NOT_REQUIRED,NOT_REQUIRED,True,False,False
10.4,NORMAL,1,1,1,1,0,0,0,0,1,0,1,1,1,208,NORMAL_BASELINE,CONNECTED,CONNECTED_STREAM,NOT_REQUIRED,NOT_REQUIRED,True,False,False
10.45,NORMAL,1,1,1,1,0,0,0,0,1,0,1,1,1,209,NORMAL_BASELINE,CONNECTED,CONNECTED_STREAM,NOT_REQUIRED,NOT_REQUIRED,True,False,False
10.5,NORMAL,1,1,1,1,0,0,0,0,1,0,1,1,1,210,NORMAL_BASELINE,CONNECTED,CONNECTED_STREAM,NOT_REQUIRED,NOT_REQUIRED,True,False,False
10.55,NORMAL,1,1,1,1,0,0,0,0,1,0,1,1,1,211,NORMAL_BASELINE,CONNECTED,CONNECTED_STREAM,NOT_REQUIRED,NOT_REQUIRED,True,False,False
10.6,NORMAL,1,1,1,1,0,0,0,0,1,0,1,1,1,212,NORMAL_BASELINE,CONNECTED,CONNECTED_STREAM,NOT_REQUIRED,NOT_REQUIRED,True,False,False
10.65,NORMAL,1,1,1,1,0,0,0,0,1,0,1,1,1,213,NORMAL_BASELINE,CONNECTED,CONNECTED_STREAM,NOT_REQUIRED,NOT_REQUIRED,True,False,False
10.7,NORMAL,1,1,1,1,0,0,0,0,1,0,1,1,1,214,NORMAL_BASELINE,CONNECTED,CONNECTED_STREAM,NOT_REQUIRED,NOT_REQUIRED,True,False,False
10.75,NORMAL,1,1,1,1,0,0,0,0,1,0,1,1,1,215,NORMAL_BASELINE,CONNECTED,CONNECTED_STREAM,NOT_REQUIRED,NOT_REQUIRED,True,False,False
10.8,NORMAL,1,1,1,1,0,0,0,0,1,0,1,1,1,216,NORMAL_BASELINE,CONNECTED,CONNECTED_STREAM,NOT_REQUIRED,NOT_REQUIRED,True,False,False
10.85,NORMAL,1,1,1,1,0,0,0,0,1,0,1,1,1,217,NORMAL_BASELINE,CONNECTED,CONNECTED_STREAM,NOT_REQUIRED,NOT_REQUIRED,True,False,False
10.9,NORMAL,1,1,1,1,0,0,0,0,1,0,1,1,1,218,NORMAL_BASELINE,CONNECTED,CONNECTED_STREAM,NOT_REQUIRED,NOT_REQUIRED,True,False,False
10.95,NORMAL,1,1,1,1,0,0,0,0,1,0,1,1,1,219,NORMAL_BASELINE,CONNECTED,CONNECTED_STREAM,NOT_REQUIRED,NOT_REQUIRED,True,False,False
11.0,NORMAL,1,1,1,1,0,0,0,0,1,0,1,1,1,220,NORMAL_BASELINE,CONNECTED,CONNECTED_STREAM,NOT_REQUIRED,NOT_REQUIRED,True,False,False
11.05,NORMAL,1,1,1,1,0,0,0,0,1,0,1,1,1,221,NORMAL_BASELINE,CONNECTED,CONNECTED_STREAM,NOT_REQUIRED,NOT_REQUIRED,True,False,False
11.1,NORMAL,1,1,1,1,0,0,0,0,1,0,1,1,1,222,NORMAL_BASELINE,CONNECTED,CONNECTED_STREAM,NOT_REQUIRED,NOT_REQUIRED,True,False,False
11.15,NORMAL,1,1,1,1,0,0,0,0,1,0,1,1,1,223,NORMAL_BASELINE,CONNECTED,CONNECTED_STREAM,NOT_REQUIRED,NOT_REQUIRED,True,False,False
11.2,NORMAL,1,1,1,1,0,0,0,0,1,0,1,1,1,224,NORMAL_BASELINE,CONNECTED,CONNECTED_STREAM,NOT_REQUIRED,NOT_REQUIRED,True,False,False
11.25,NORMAL,1,1,1,1,0,0,0,0,1,0,1,1,1,225,NORMAL_BASELINE,CONNECTED,CONNECTED_STREAM,NOT_REQUIRED,NOT_REQUIRED,True,False,False
11.3,NORMAL,1,1,1,1,0,0,0,0,1,0,1,1,1,226,NORMAL_BASELINE,CONNECTED,CONNECTED_STREAM,NOT_REQUIRED,NOT_REQUIRED,True,False,False
11.35,NORMAL,1,1,1,1,0,0,0,0,1,0,1,1,1,227,NORMAL_BASELINE,CONNECTED,CONNECTED_STREAM,NOT_REQUIRED,NOT_REQUIRED,True,False,False
11.4,NORMAL,1,1,1,1,0,0,0,0,1,0,1,1,1,228,NORMAL_BASELINE,CONNECTED,CONNECTED_STREAM,NOT_REQUIRED,NOT_REQUIRED,True,False,False
11.45,NORMAL,1,1,1,1,0,0,0,0,1,0,1,1,1,229,NORMAL_BASELINE,CONNECTED,CONNECTED_STREAM,NOT_REQUIRED,NOT_REQUIRED,True,False,False
11.5,NORMAL,1,1,1,1,0,0,0,0,1,0,1,1,1,230,NORMAL_BASELINE,CONNECTED,CONNECTED_STREAM,NOT_REQUIRED,NOT_REQUIRED,True,False,False
11.55,NORMAL,1,1,1,1,0,0,0,0,1,0,1,1,1,231,NORMAL_BASELINE,CONNECTED,CONNECTED_STREAM,NOT_REQUIRED,NOT_REQUIRED,True,False,False
11.6,NORMAL,1,1,1,1,0,0,0,0,1,0,1,1,1,232,NORMAL_BASELINE,CONNECTED,CONNECTED_STREAM,NOT_REQUIRED,NOT_REQUIRED,True,False,False
11.65,NORMAL,1,1,1,1,0,0,0,0,1,0,1,1,1,233,NORMAL_BASELINE,CONNECTED,CONNECTED_STREAM,NOT_REQUIRED,NOT_REQUIRED,True,False,False
11.7,NORMAL,1,1,1,1,0,0,0,0,1,0,1,1,1,234,NORMAL_BASELINE,CONNECTED,CONNECTED_STREAM,NOT_REQUIRED,NOT_REQUIRED,True,False,False
11.75,NORMAL,1,1,1,1,0,0,0,0,1,0,1,1,1,235,NORMAL_BASELINE,CONNECTED,CONNECTED_STREAM,NOT_REQUIRED,NOT_REQUIRED,True,False,False
11.8,NORMAL,1,1,1,1,0,0,0,0,1,0,1,1,1,236,NORMAL_BASELINE,CONNECTED,CONNECTED_STREAM,NOT_REQUIRED,NOT_REQUIRED,True,False,False
11.85,NORMAL,1,1,1,1,0,0,0,0,1,0,1,1,1,237,NORMAL_BASELINE,CONNECTED,CONNECTED_STREAM,NOT_REQUIRED,NOT_REQUIRED,True,False,False
11.9,NORMAL,1,1,1,1,0,0,0,0,1,0,1,1,1,238,NORMAL_BASELINE,CONNECTED,CONNECTED_STREAM,NOT_REQUIRED,NOT_REQUIRED,True,False,False
11.95,NORMAL,1,1,1,1,0,0,0,0,1,0,1,1,1,239,NORMAL_BASELINE,CONNECTED,CONNECTED_STREAM,NOT_REQUIRED,NOT_REQUIRED,True,False,False
12.0,NORMAL,1,1,1,1,0,0,0,0,1,0,1,1,1,240,NORMAL_BASELINE,CONNECTED,CONNECTED_STREAM,NOT_REQUIRED,NOT_REQUIRED,True,False,False
12.05,NORMAL,1,1,1,1,0,0,0,0,1,0,1,1,1,241,NORMAL_BASELINE,CONNECTED,CONNECTED_STREAM,NOT_REQUIRED,NOT_REQUIRED,True,False,False
12.1,NORMAL,1,1,1,1,0,0,0,0,1,0,1,1,1,242,NORMAL_BASELINE,CONNECTED,CONNECTED_STREAM,NOT_REQUIRED,NOT_REQUIRED,True,False,False
12.15,NORMAL,1,1,1,1,0,0,0,0,1,0,1,1,1,243,NORMAL_BASELINE,CONNECTED,CONNECTED_STREAM,NOT_REQUIRED,NOT_REQUIRED,True,False,False
12.2,NORMAL,1,1,1,1,0,0,0,0,1,0,1,1,1,244,NORMAL_BASELINE,CONNECTED,CONNECTED_STREAM,NOT_REQUIRED,NOT_REQUIRED,True,False,False
12.25,NORMAL,1,1,1,1,0,0,0,0,1,0,1,1,1,245,NORMAL_BASELINE,CONNECTED,CONNECTED_STREAM,NOT_REQUIRED,NOT_REQUIRED,True,False,False
12.3,NORMAL,1,1,1,1,0,0,0,0,1,0,1,1,1,246,NORMAL_BASELINE,CONNECTED,CONNECTED_STREAM,NOT_REQUIRED,NOT_REQUIRED,True,False,False
12.35,NORMAL,1,1,1,1,0,0,0,0,1,0,1,1,1,247,NORMAL_BASELINE,CONNECTED,CONNECTED_STREAM,NOT_REQUIRED,NOT_REQUIRED,True,False,False
12.4,NORMAL,1,1,1,1,0,0,0,0,1,0,1,1,1,248,NORMAL_BASELINE,CONNECTED,CONNECTED_STREAM,NOT_REQUIRED,NOT_REQUIRED,True,False,False
12.45,NORMAL,1,1,1,1,0,0,0,0,1,0,1,1,1,249,NORMAL_BASELINE,CONNECTED,CONNECTED_STREAM,NOT_REQUIRED,NOT_REQUIRED,True,False,False
12.5,NORMAL,1,1,1,1,0,0,0,0,1,0,1,1,1,250,NORMAL_BASELINE,CONNECTED,CONNECTED_STREAM,NOT_REQUIRED,NOT_REQUIRED,True,False,False
12.55,NORMAL,1,1,1,1,0,0,0,0,1,0,1,1,1,251,NORMAL_BASELINE,CONNECTED,CONNECTED_STREAM,NOT_REQUIRED,NOT_REQUIRED,True,False,False
12.6,NORMAL,1,1,1,1,0,0,0,0,1,0,1,1,1,252,NORMAL_BASELINE,CONNECTED,CONNECTED_STREAM,NOT_REQUIRED,NOT_REQUIRED,True,False,False
12.65,NORMAL,1,1,1,1,0,0,0,0,1,0,1,1,1,253,NORMAL_BASELINE,CONNECTED,CONNECTED_STREAM,NOT_REQUIRED,NOT_REQUIRED,True,False,False
12.7,NORMAL,1,1,1,1,0,0,0,0,1,0,1,1,1,254,NORMAL_BASELINE,CONNECTED,CONNECTED_STREAM,NOT_REQUIRED,NOT_REQUIRED,True,False,False
12.75,NORMAL,1,1,1,1,0,0,0,0,1,0,1,1,1,255,NORMAL_BASELINE,CONNECTED,CONNECTED_STREAM,NOT_REQUIRED,NOT_REQUIRED,True,False,False
12.8,NORMAL,1,1,1,1,0,0,0,0,1,0,1,1,1,0,NORMAL_BASELINE,CONNECTED,CONNECTED_STREAM,NOT_REQUIRED,NOT_REQUIRED,True,False,False
12.85,NORMAL,1,1,1,1,0,0,0,0,1,0,1,1,1,1,NORMAL_BASELINE,CONNECTED,CONNECTED_STREAM,NOT_REQUIRED,NOT_REQUIRED,True,False,False
12.9,NORMAL,1,1,1,1,0,0,0,0,1,0,1,1,1,2,NORMAL_BASELINE,CONNECTED,CONNECTED_STREAM,NOT_REQUIRED,NOT_REQUIRED,True,False,False
12.95,NORMAL,1,1,1,1,0,0,0,0,1,0,1,1,1,3,NORMAL_BASELINE,CONNECTED,CONNECTED_STREAM,NOT_REQUIRED,NOT_REQUIRED,True,False,False
13.0,NORMAL,1,1,1,1,0,0,0,0,1,0,1,1,1,4,NORMAL_BASELINE,CONNECTED,CONNECTED_STREAM,NOT_REQUIRED,NOT_REQUIRED,True,False,False
13.05,NORMAL,1,1,1,1,0,0,0,0,1,0,1,1,1,5,NORMAL_BASELINE,CONNECTED,CONNECTED_STREAM,NOT_REQUIRED,NOT_REQUIRED,True,False,False
13.1,NORMAL,1,1,1,1,0,0,0,0,1,0,1,1,1,6,NORMAL_BASELINE,CONNECTED,CONNECTED_STREAM,NOT_REQUIRED,NOT_REQUIRED,True,False,False
13.15,NORMAL,1,1,1,1,0,0,0,0,1,0,1,1,1,7,NORMAL_BASELINE,CONNECTED,CONNECTED_STREAM,NOT_REQUIRED,NOT_REQUIRED,True,False,False
13.2,NORMAL,1,1,1,1,0,0,0,0,1,0,1,1,1,8,NORMAL_BASELINE,CONNECTED,CONNECTED_STREAM,NOT_REQUIRED,NOT_REQUIRED,True,False,False
13.25,NORMAL,1,1,1,1,0,0,0,0,1,0,1,1,1,9,NORMAL_BASELINE,CONNECTED,CONNECTED_STREAM,NOT_REQUIRED,NOT_REQUIRED,True,False,False
13.3,NORMAL,1,1,1,1,0,0,0,0,1,0,1,1,1,10,NORMAL_BASELINE,CONNECTED,CONNECTED_STREAM,NOT_REQUIRED,NOT_REQUIRED,True,False,False
13.35,NORMAL,1,1,1,1,0,0,0,0,1,0,1,1,1,11,NORMAL_BASELINE,CONNECTED,CONNECTED_STREAM,NOT_REQUIRED,NOT_REQUIRED,True,False,False
13.4,NORMAL,1,1,1,1,0,0,0,0,1,0,1,1,1,12,NORMAL_BASELINE,CONNECTED,CONNECTED_STREAM,NOT_REQUIRED,NOT_REQUIRED,True,False,False
13.45,NORMAL,1,1,1,1,0,0,0,0,1,0,1,1,1,13,NORMAL_BASELINE,CONNECTED,CONNECTED_STREAM,NOT_REQUIRED,NOT_REQUIRED,True,False,False
13.5,NORMAL,1,1,1,1,0,0,0,0,1,0,1,1,1,14,NORMAL_BASELINE,CONNECTED,CONNECTED_STREAM,NOT_REQUIRED,NOT_REQUIRED,True,False,False
13.55,NORMAL,1,1,1,1,0,0,0,0,1,0,1,1,1,15,NORMAL_BASELINE,CONNECTED,CONNECTED_STREAM,NOT_REQUIRED,NOT_REQUIRED,True,False,False
13.6,NORMAL,1,1,1,1,0,0,0,0,1,0,1,1,1,16,NORMAL_BASELINE,CONNECTED,CONNECTED_STREAM,NOT_REQUIRED,NOT_REQUIRED,True,False,False
13.65,NORMAL,1,1,1,1,0,0,0,0,1,0,1,1,1,17,NORMAL_BASELINE,CONNECTED,CONNECTED_STREAM,NOT_REQUIRED,NOT_REQUIRED,True,False,False
13.7,NORMAL,1,1,1,1,0,0,0,0,1,0,1,1,1,18,NORMAL_BASELINE,CONNECTED,CONNECTED_STREAM,NOT_REQUIRED,NOT_REQUIRED,True,False,False
13.75,NORMAL,1,1,1,1,0,0,0,0,1,0,1,1,1,19,NORMAL_BASELINE,CONNECTED,CONNECTED_STREAM,NOT_REQUIRED,NOT_REQUIRED,True,False,False
13.8,NORMAL,1,1,1,1,0,0,0,0,1,0,1,1,1,20,NORMAL_BASELINE,CONNECTED,CONNECTED_STREAM,NOT_REQUIRED,NOT_REQUIRED,True,False,False
13.85,NORMAL,1,1,1,1,0,0,0,0,1,0,1,1,1,21,NORMAL_BASELINE,CONNECTED,CONNECTED_STREAM,NOT_REQUIRED,NOT_REQUIRED,True,False,False
13.9,NORMAL,1,1,1,1,0,0,0,0,1,0,1,1,1,22,NORMAL_BASELINE,CONNECTED,CONNECTED_STREAM,NOT_REQUIRED,NOT_REQUIRED,True,False,False
13.95,NORMAL,1,1,1,1,0,0,0,0,1,0,1,1,1,23,NORMAL_BASELINE,CONNECTED,CONNECTED_STREAM,NOT_REQUIRED,NOT_REQUIRED,True,False,False
14.0,NORMAL,1,1,1,1,0,0,0,0,1,0,1,1,1,24,NORMAL_BASELINE,CONNECTED,CONNECTED_STREAM,NOT_REQUIRED,NOT_REQUIRED,True,False,False
14.05,NORMAL,1,1,1,1,0,0,0,0,1,0,1,1,1,25,NORMAL_BASELINE,CONNECTED,CONNECTED_STREAM,NOT_REQUIRED,NOT_REQUIRED,True,False,False
14.1,NORMAL,1,1,1,1,0,0,0,0,1,0,1,1,1,26,NORMAL_BASELINE,CONNECTED,CONNECTED_STREAM,NOT_REQUIRED,NOT_REQUIRED,True,False,False
14.15,NORMAL,1,1,1,1,0,0,0,0,1,0,1,1,1,27,NORMAL_BASELINE,CONNECTED,CONNECTED_STREAM,NOT_REQUIRED,NOT_REQUIRED,True,False,False
14.2,NORMAL,1,1,1,1,0,0,0,0,1,0,1,1,1,28,NORMAL_BASELINE,CONNECTED,CONNECTED_STREAM,NOT_REQUIRED,NOT_REQUIRED,True,False,False
14.25,NORMAL,1,1,1,1,0,0,0,0,1,0,1,1,1,29,NORMAL_BASELINE,CONNECTED,CONNECTED_STREAM,NOT_REQUIRED,NOT_REQUIRED,True,False,False
14.3,NORMAL,1,1,1,1,0,0,0,0,1,0,1,1,1,30,NORMAL_BASELINE,CONNECTED,CONNECTED_STREAM,NOT_REQUIRED,NOT_REQUIRED,True,False,False
14.35,NORMAL,1,1,1,1,0,0,0,0,1,0,1,1,1,31,NORMAL_BASELINE,CONNECTED,CONNECTED_STREAM,NOT_REQUIRED,NOT_REQUIRED,True,False,False
14.4,NORMAL,1,1,1,1,0,0,0,0,1,0,1,1,1,32,NORMAL_BASELINE,CONNECTED,CONNECTED_STREAM,NOT_REQUIRED,NOT_REQUIRED,True,False,False
14.45,NORMAL,1,1,1,1,0,0,0,0,1,0,1,1,1,33,NORMAL_BASELINE,CONNECTED,CONNECTED_STREAM,NOT_REQUIRED,NOT_REQUIRED,True,False,False
14.5,NORMAL,1,1,1,1,0,0,0,0,1,0,1,1,1,34,NORMAL_BASELINE,CONNECTED,CONNECTED_STREAM,NOT_REQUIRED,NOT_REQUIRED,True,False,False
14.55,NORMAL,1,1,1,1,0,0,0,0,1,0,1,1,1,35,NORMAL_BASELINE,CONNECTED,CONNECTED_STREAM,NOT_REQUIRED,NOT_REQUIRED,True,False,False
14.6,NORMAL,1,1,1,1,0,0,0,0,1,0,1,1,1,36,NORMAL_BASELINE,CONNECTED,CONNECTED_STREAM,NOT_REQUIRED,NOT_REQUIRED,True,False,False
14.65,NORMAL,1,1,1,1,0,0,0,0,1,0,1,1,1,37,NORMAL_BASELINE,CONNECTED,CONNECTED_STREAM,NOT_REQUIRED,NOT_REQUIRED,True,False,False
14.7,NORMAL,1,1,1,1,0,0,0,0,1,0,1,1,1,38,NORMAL_BASELINE,CONNECTED,CONNECTED_STREAM,NOT_REQUIRED,NOT_REQUIRED,True,False,False
14.75,NORMAL,1,1,1,1,0,0,0,0,1,0,1,1,1,39,NORMAL_BASELINE,CONNECTED,CONNECTED_STREAM,NOT_REQUIRED,NOT_REQUIRED,True,False,False
14.8,NORMAL,1,1,1,1,0,0,0,0,1,0,1,1,1,40,NORMAL_BASELINE,CONNECTED,CONNECTED_STREAM,NOT_REQUIRED,NOT_REQUIRED,True,False,False
14.85,NORMAL,1,1,1,1,0,0,0,0,1,0,1,1,1,41,NORMAL_BASELINE,CONNECTED,CONNECTED_STREAM,NOT_REQUIRED,NOT_REQUIRED,True,False,False
14.9,NORMAL,1,1,1,1,0,0,0,0,1,0,1,1,1,42,NORMAL_BASELINE,CONNECTED,CONNECTED_STREAM,NOT_REQUIRED,NOT_REQUIRED,True,False,False
14.95,NORMAL,1,1,1,1,0,0,0,0,1,0,1,1,1,43,NORMAL_BASELINE,CONNECTED,CONNECTED_STREAM,NOT_REQUIRED,NOT_REQUIRED,True,False,False
15.0,NORMAL,1,1,1,1,0,0,0,0,1,0,1,1,1,44,NORMAL_BASELINE,CONNECTED,CONNECTED_STREAM,NOT_REQUIRED,NOT_REQUIRED,True,False,False
15.05,NORMAL,1,1,1,1,0,0,0,0,1,0,1,1,1,45,NORMAL_BASELINE,CONNECTED,CONNECTED_STREAM,NOT_REQUIRED,NOT_REQUIRED,True,False,False
15.1,NORMAL,1,1,1,1,0,0,0,0,1,0,1,1,1,46,NORMAL_BASELINE,CONNECTED,CONNECTED_STREAM,NOT_REQUIRED,NOT_REQUIRED,True,False,False
15.15,NORMAL,1,1,1,1,0,0,0,0,1,0,1,1,1,47,NORMAL_BASELINE,CONNECTED,CONNECTED_STREAM,NOT_REQUIRED,NOT_REQUIRED,True,False,False
15.2,NORMAL,1,1,1,1,0,0,0,0,1,0,1,1,1,48,NORMAL_BASELINE,CONNECTED,CONNECTED_STREAM,NOT_REQUIRED,NOT_REQUIRED,True,False,False
15.25,NORMAL,1,1,1,1,0,0,0,0,1,0,1,1,1,49,NORMAL_BASELINE,CONNECTED,CONNECTED_STREAM,NOT_REQUIRED,NOT_REQUIRED,True,False,False
15.3,NORMAL,1,1,1,1,0,0,0,0,1,0,1,1,1,50,NORMAL_BASELINE,CONNECTED,CONNECTED_STREAM,NOT_REQUIRED,NOT_REQUIRED,True,False,False
15.35,NORMAL,1,1,1,1,0,0,0,0,1,0,1,1,1,51,NORMAL_BASELINE,CONNECTED,CONNECTED_STREAM,NOT_REQUIRED,NOT_REQUIRED,True,False,False
15.4,NORMAL,1,1,1,1,0,0,0,0,1,0,1,1,1,52,NORMAL_BASELINE,CONNECTED,CONNECTED_STREAM,NOT_REQUIRED,NOT_REQUIRED,True,False,False
15.45,NORMAL,1,1,1,1,0,0,0,0,1,0,1,1,1,53,NORMAL_BASELINE,CONNECTED,CONNECTED_STREAM,NOT_REQUIRED,NOT_REQUIRED,True,False,False
15.5,NORMAL,1,1,1,1,0,0,0,0,1,0,1,1,1,54,NORMAL_BASELINE,CONNECTED,CONNECTED_STREAM,NOT_REQUIRED,NOT_REQUIRED,True,False,False
15.55,NORMAL,1,1,1,1,0,0,0,0,1,0,1,1,1,55,NORMAL_BASELINE,CONNECTED,CONNECTED_STREAM,NOT_REQUIRED,NOT_REQUIRED,True,False,False
15.6,NORMAL,1,1,1,1,0,0,0,0,1,0,1,1,1,56,NORMAL_BASELINE,CONNECTED,CONNECTED_STREAM,NOT_REQUIRED,NOT_REQUIRED,True,False,False
15.65,NORMAL,1,1,1,1,0,0,0,0,1,0,1,1,1,57,NORMAL_BASELINE,CONNECTED,CONNECTED_STREAM,NOT_REQUIRED,NOT_REQUIRED,True,False,False
15.7,NORMAL,1,1,1,1,0,0,0,0,1,0,1,1,1,58,NORMAL_BASELINE,CONNECTED,CONNECTED_STREAM,NOT_REQUIRED,NOT_REQUIRED,True,False,False
15.75,NORMAL,1,1,1,1,0,0,0,0,1,0,1,1,1,59,NORMAL_BASELINE,CONNECTED,CONNECTED_STREAM,NOT_REQUIRED,NOT_REQUIRED,True,False,False
15.8,NORMAL,1,1,1,1,0,0,0,0,1,0,1,1,1,60,NORMAL_BASELINE,CONNECTED,CONNECTED_STREAM,NOT_REQUIRED,NOT_REQUIRED,True,False,False
15.85,NORMAL,1,1,1,1,0,0,0,0,1,0,1,1,1,61,NORMAL_BASELINE,CONNECTED,CONNECTED_STREAM,NOT_REQUIRED,NOT_REQUIRED,True,False,False
15.9,NORMAL,1,1,1,1,0,0,0,0,1,0,1,1,1,62,NORMAL_BASELINE,CONNECTED,CONNECTED_STREAM,NOT_REQUIRED,NOT_REQUIRED,True,False,False
15.95,NORMAL,1,1,1,1,0,0,0,0,1,0,1,1,1,63,NORMAL_BASELINE,CONNECTED,CONNECTED_STREAM,NOT_REQUIRED,NOT_REQUIRED,True,False,False
16.0,NORMAL,1,1,1,1,0,0,0,0,1,0,1,1,1,64,NORMAL_BASELINE,CONNECTED,CONNECTED_STREAM,NOT_REQUIRED,NOT_REQUIRED,True,False,False
16.05,NORMAL,1,1,1,1,0,0,0,0,1,0,1,1,1,65,NORMAL_BASELINE,CONNECTED,CONNECTED_STREAM,NOT_REQUIRED,NOT_REQUIRED,True,False,False
16.1,NORMAL,1,1,1,1,0,0,0,0,1,0,1,1,1,66,NORMAL_BASELINE,CONNECTED,CONNECTED_STREAM,NOT_REQUIRED,NOT_REQUIRED,True,False,False
16.15,NORMAL,1,1,1,1,0,0,0,0,1,0,1,1,1,67,NORMAL_BASELINE,CONNECTED,CONNECTED_STREAM,NOT_REQUIRED,NOT_REQUIRED,True,False,False
16.2,NORMAL,1,1,1,1,0,0,0,0,1,0,1,1,1,68,NORMAL_BASELINE,CONNECTED,CONNECTED_STREAM,NOT_REQUIRED,NOT_REQUIRED,True,False,False
16.25,NORMAL,1,1,1,1,0,0,0,0,1,0,1,1,1,69,NORMAL_BASELINE,CONNECTED,CONNECTED_STREAM,NOT_REQUIRED,NOT_REQUIRED,True,False,False
16.3,NORMAL,1,1,1,1,0,0,0,0,1,0,1,1,1,70,NORMAL_BASELINE,CONNECTED,CONNECTED_STREAM,NOT_REQUIRED,NOT_REQUIRED,True,False,False
16.35,NORMAL,1,1,1,1,0,0,0,0,1,0,1,1,1,71,NORMAL_BASELINE,CONNECTED,CONNECTED_STREAM,NOT_REQUIRED,NOT_REQUIRED,True,False,False
16.4,NORMAL,1,1,1,1,0,0,0,0,1,0,1,1,1,72,NORMAL_BASELINE,CONNECTED,CONNECTED_STREAM,NOT_REQUIRED,NOT_REQUIRED,True,False,False
16.45,NORMAL,1,1,1,1,0,0,0,0,1,0,1,1,1,73,NORMAL_BASELINE,CONNECTED,CONNECTED_STREAM,NOT_REQUIRED,NOT_REQUIRED,True,False,False
16.5,NORMAL,1,1,1,1,0,0,0,0,1,0,1,1,1,74,NORMAL_BASELINE,CONNECTED,CONNECTED_STREAM,NOT_REQUIRED,NOT_REQUIRED,True,False,False
16.55,NORMAL,1,1,1,1,0,0,0,0,1,0,1,1,1,75,NORMAL_BASELINE,CONNECTED,CONNECTED_STREAM,NOT_REQUIRED,NOT_REQUIRED,True,False,False
16.6,NORMAL,1,1,1,1,0,0,0,0,1,0,1,1,1,76,NORMAL_BASELINE,CONNECTED,CONNECTED_STREAM,NOT_REQUIRED,NOT_REQUIRED,True,False,False
16.65,NORMAL,1,1,1,1,0,0,0,0,1,0,1,1,1,77,NORMAL_BASELINE,CONNECTED,CONNECTED_STREAM,NOT_REQUIRED,NOT_REQUIRED,True,False,False
16.7,NORMAL,1,1,1,1,0,0,0,0,1,0,1,1,1,78,NORMAL_BASELINE,CONNECTED,CONNECTED_STREAM,NOT_REQUIRED,NOT_REQUIRED,True,False,False
16.75,NORMAL,1,1,1,1,0,0,0,0,1,0,1,1,1,79,NORMAL_BASELINE,CONNECTED,CONNECTED_STREAM,NOT_REQUIRED,NOT_REQUIRED,True,False,False
16.8,NORMAL,1,1,1,1,0,0,0,0,1,0,1,1,1,80,NORMAL_BASELINE,CONNECTED,CONNECTED_STREAM,NOT_REQUIRED,NOT_REQUIRED,True,False,False
16.85,NORMAL,1,1,1,1,0,0,0,0,1,0,1,1,1,81,NORMAL_BASELINE,CONNECTED,CONNECTED_STREAM,NOT_REQUIRED,NOT_REQUIRED,True,False,False
16.9,NORMAL,1,1,1,1,0,0,0,0,1,0,1,1,1,82,NORMAL_BASELINE,CONNECTED,CONNECTED_STREAM,NOT_REQUIRED,NOT_REQUIRED,True,False,False
16.95,NORMAL,1,1,1,1,0,0,0,0,1,0,1,1,1,83,NORMAL_BASELINE,CONNECTED,CONNECTED_STREAM,NOT_REQUIRED,NOT_REQUIRED,True,False,False
17.0,NORMAL,1,1,1,1,0,0,0,0,1,0,1,1,1,84,NORMAL_BASELINE,CONNECTED,CONNECTED_STREAM,NOT_REQUIRED,NOT_REQUIRED,True,False,False
17.05,NORMAL,1,1,1,1,0,0,0,0,1,0,1,1,1,85,NORMAL_BASELINE,CONNECTED,CONNECTED_STREAM,NOT_REQUIRED,NOT_REQUIRED,True,False,False
17.1,NORMAL,1,1,1,1,0,0,0,0,1,0,1,1,1,86,NORMAL_BASELINE,CONNECTED,CONNECTED_STREAM,NOT_REQUIRED,NOT_REQUIRED,True,False,False
17.15,NORMAL,1,1,1,1,0,0,0,0,1,0,1,1,1,87,NORMAL_BASELINE,CONNECTED,CONNECTED_STREAM,NOT_REQUIRED,NOT_REQUIRED,True,False,False
17.2,NORMAL,1,1,1,1,0,0,0,0,1,0,1,1,1,88,NORMAL_BASELINE,CONNECTED,CONNECTED_STREAM,NOT_REQUIRED,NOT_REQUIRED,True,False,False
17.25,NORMAL,1,1,1,1,0,0,0,0,1,0,1,1,1,89,NORMAL_BASELINE,CONNECTED,CONNECTED_STREAM,NOT_REQUIRED,NOT_REQUIRED,True,False,False
17.3,NORMAL,1,1,1,1,0,0,0,0,1,0,1,1,1,90,NORMAL_BASELINE,CONNECTED,CONNECTED_STREAM,NOT_REQUIRED,NOT_REQUIRED,True,False,False
17.35,NORMAL,1,1,1,1,0,0,0,0,1,0,1,1,1,91,NORMAL_BASELINE,CONNECTED,CONNECTED_STREAM,NOT_REQUIRED,NOT_REQUIRED,True,False,False
17.4,NORMAL,1,1,1,1,0,0,0,0,1,0,1,1,1,92,NORMAL_BASELINE,CONNECTED,CONNECTED_STREAM,NOT_REQUIRED,NOT_REQUIRED,True,False,False
17.45,NORMAL,1,1,1,1,0,0,0,0,1,0,1,1,1,93,NORMAL_BASELINE,CONNECTED,CONNECTED_STREAM,NOT_REQUIRED,NOT_REQUIRED,True,False,False
17.5,NORMAL,1,1,1,1,0,0,0,0,1,0,1,1,1,94,NORMAL_BASELINE,CONNECTED,CONNECTED_STREAM,NOT_REQUIRED,NOT_REQUIRED,True,False,False
17.55,NORMAL,1,1,1,1,0,0,0,0,1,0,1,1,1,95,NORMAL_BASELINE,CONNECTED,CONNECTED_STREAM,NOT_REQUIRED,NOT_REQUIRED,True,False,False
17.6,NORMAL,1,1,1,1,0,0,0,0,1,0,1,1,1,96,NORMAL_BASELINE,CONNECTED,CONNECTED_STREAM,NOT_REQUIRED,NOT_REQUIRED,True,False,False
17.65,NORMAL,1,1,1,1,0,0,0,0,1,0,1,1,1,97,NORMAL_BASELINE,CONNECTED,CONNECTED_STREAM,NOT_REQUIRED,NOT_REQUIRED,True,False,False
17.7,NORMAL,1,1,1,1,0,0,0,0,1,0,1,1,1,98,NORMAL_BASELINE,CONNECTED,CONNECTED_STREAM,NOT_REQUIRED,NOT_REQUIRED,True,False,False
17.75,NORMAL,1,1,1,1,0,0,0,0,1,0,1,1,1,99,NORMAL_BASELINE,CONNECTED,CONNECTED_STREAM,NOT_REQUIRED,NOT_REQUIRED,True,False,False
17.8,NORMAL,1,1,1,1,0,0,0,0,1,0,1,1,1,100,NORMAL_BASELINE,CONNECTED,CONNECTED_STREAM,NOT_REQUIRED,NOT_REQUIRED,True,False,False
17.85,NORMAL,1,1,1,1,0,0,0,0,1,0,1,1,1,101,NORMAL_BASELINE,CONNECTED,CONNECTED_STREAM,NOT_REQUIRED,NOT_REQUIRED,True,False,False
17.9,NORMAL,1,1,1,1,0,0,0,0,1,0,1,1,1,102,NORMAL_BASELINE,CONNECTED,CONNECTED_STREAM,NOT_REQUIRED,NOT_REQUIRED,True,False,False
17.95,NORMAL,1,1,1,1,0,0,0,0,1,0,1,1,1,103,NORMAL_BASELINE,CONNECTED,CONNECTED_STREAM,NOT_REQUIRED,NOT_REQUIRED,True,False,False
18.0,NORMAL,1,1,1,1,0,0,0,0,1,0,1,1,1,104,NORMAL_BASELINE,CONNECTED,CONNECTED_STREAM,NOT_REQUIRED,NOT_REQUIRED,True,False,False
18.05,NORMAL,1,1,1,1,0,0,0,0,1,0,1,1,1,105,NORMAL_BASELINE,CONNECTED,CONNECTED_STREAM,NOT_REQUIRED,NOT_REQUIRED,True,False,False
18.1,NORMAL,1,1,1,1,0,0,0,0,1,0,1,1,1,106,NORMAL_BASELINE,CONNECTED,CONNECTED_STREAM,NOT_REQUIRED,NOT_REQUIRED,True,False,False
18.15,NORMAL,1,1,1,1,0,0,0,0,1,0,1,1,1,107,NORMAL_BASELINE,CONNECTED,CONNECTED_STREAM,NOT_REQUIRED,NOT_REQUIRED,True,False,False
18.2,NORMAL,1,1,1,1,0,0,0,0,1,0,1,1,1,108,NORMAL_BASELINE,CONNECTED,CONNECTED_STREAM,NOT_REQUIRED,NOT_REQUIRED,True,False,False
18.25,NORMAL,1,1,1,1,0,0,0,0,1,0,1,1,1,109,NORMAL_BASELINE,CONNECTED,CONNECTED_STREAM,NOT_REQUIRED,NOT_REQUIRED,True,False,False
18.3,NORMAL,1,1,1,1,0,0,0,0,1,0,1,1,1,110,NORMAL_BASELINE,CONNECTED,CONNECTED_STREAM,NOT_REQUIRED,NOT_REQUIRED,True,False,False
18.35,NORMAL,1,1,1,1,0,0,0,0,1,0,1,1,1,111,NORMAL_BASELINE,CONNECTED,CONNECTED_STREAM,NOT_REQUIRED,NOT_REQUIRED,True,False,False
18.4,NORMAL,1,1,1,1,0,0,0,0,1,0,1,1,1,112,NORMAL_BASELINE,CONNECTED,CONNECTED_STREAM,NOT_REQUIRED,NOT_REQUIRED,True,False,False
18.45,NORMAL,1,1,1,1,0,0,0,0,1,0,1,1,1,113,NORMAL_BASELINE,CONNECTED,CONNECTED_STREAM,NOT_REQUIRED,NOT_REQUIRED,True,False,False
18.5,NORMAL,1,1,1,1,0,0,0,0,1,0,1,1,1,114,NORMAL_BASELINE,CONNECTED,CONNECTED_STREAM,NOT_REQUIRED,NOT_REQUIRED,True,False,False
18.55,NORMAL,1,1,1,1,0,0,0,0,1,0,1,1,1,115,NORMAL_BASELINE,CONNECTED,CONNECTED_STREAM,NOT_REQUIRED,NOT_REQUIRED,True,False,False
18.6,NORMAL,1,1,1,1,0,0,0,0,1,0,1,1,1,116,NORMAL_BASELINE,CONNECTED,CONNECTED_STREAM,NOT_REQUIRED,NOT_REQUIRED,True,False,False
18.65,NORMAL,1,1,1,1,0,0,0,0,1,0,1,1,1,117,NORMAL_BASELINE,CONNECTED,CONNECTED_STREAM,NOT_REQUIRED,NOT_REQUIRED,True,False,False
18.7,NORMAL,1,1,1,1,0,0,0,0,1,0,1,1,1,118,NORMAL_BASELINE,CONNECTED,CONNECTED_STREAM,NOT_REQUIRED,NOT_REQUIRED,True,False,False
18.75,NORMAL,1,1,1,1,0,0,0,0,1,0,1,1,1,119,NORMAL_BASELINE,CONNECTED,CONNECTED_STREAM,NOT_REQUIRED,NOT_REQUIRED,True,False,False
18.8,NORMAL,1,1,1,1,0,0,0,0,1,0,1,1,1,120,NORMAL_BASELINE,CONNECTED,CONNECTED_STREAM,NOT_REQUIRED,NOT_REQUIRED,True,False,False
18.85,NORMAL,1,1,1,1,0,0,0,0,1,0,1,1,1,121,NORMAL_BASELINE,CONNECTED,CONNECTED_STREAM,NOT_REQUIRED,NOT_REQUIRED,True,False,False
18.9,NORMAL,1,1,1,1,0,0,0,0,1,0,1,1,1,122,NORMAL_BASELINE,CONNECTED,CONNECTED_STREAM,NOT_REQUIRED,NOT_REQUIRED,True,False,False
18.95,NORMAL,1,1,1,1,0,0,0,0,1,0,1,1,1,123,NORMAL_BASELINE,CONNECTED,CONNECTED_STREAM,NOT_REQUIRED,NOT_REQUIRED,True,False,False
19.0,NORMAL,1,1,1,1,0,0,0,0,1,0,1,1,1,124,NORMAL_BASELINE,CONNECTED,CONNECTED_STREAM,NOT_REQUIRED,NOT_REQUIRED,True,False,False
19.05,NORMAL,1,1,1,1,0,0,0,0,1,0,1,1,1,125,NORMAL_BASELINE,CONNECTED,CONNECTED_STREAM,NOT_REQUIRED,NOT_REQUIRED,True,False,False
19.1,NORMAL,1,1,1,1,0,0,0,0,1,0,1,1,1,126,NORMAL_BASELINE,CONNECTED,CONNECTED_STREAM,NOT_REQUIRED,NOT_REQUIRED,True,False,False
19.15,NORMAL,1,1,1,1,0,0,0,0,1,0,1,1,1,127,NORMAL_BASELINE,CONNECTED,CONNECTED_STREAM,NOT_REQUIRED,NOT_REQUIRED,True,False,False
19.2,NORMAL,1,1,1,1,0,0,0,0,1,0,1,1,1,128,NORMAL_BASELINE,CONNECTED,CONNECTED_STREAM,NOT_REQUIRED,NOT_REQUIRED,True,False,False
19.25,NORMAL,1,1,1,1,0,0,0,0,1,0,1,1,1,129,NORMAL_BASELINE,CONNECTED,CONNECTED_STREAM,NOT_REQUIRED,NOT_REQUIRED,True,False,False
19.3,NORMAL,1,1,1,1,0,0,0,0,1,0,1,1,1,130,NORMAL_BASELINE,CONNECTED,CONNECTED_STREAM,NOT_REQUIRED,NOT_REQUIRED,True,False,False
19.35,NORMAL,1,1,1,1,0,0,0,0,1,0,1,1,1,131,NORMAL_BASELINE,CONNECTED,CONNECTED_STREAM,NOT_REQUIRED,NOT_REQUIRED,True,False,False
19.4,NORMAL,1,1,1,1,0,0,0,0,1,0,1,1,1,132,NORMAL_BASELINE,CONNECTED,CONNECTED_STREAM,NOT_REQUIRED,NOT_REQUIRED,True,False,False
19.45,NORMAL,1,1,1,1,0,0,0,0,1,0,1,1,1,133,NORMAL_BASELINE,CONNECTED,CONNECTED_STREAM,NOT_REQUIRED,NOT_REQUIRED,True,False,False
19.5,NORMAL,1,1,1,1,0,0,0,0,1,0,1,1,1,134,NORMAL_BASELINE,CONNECTED,CONNECTED_STREAM,NOT_REQUIRED,NOT_REQUIRED,True,False,False
19.55,NORMAL,1,1,1,1,0,0,0,0,1,0,1,1,1,135,NORMAL_BASELINE,CONNECTED,CONNECTED_STREAM,NOT_REQUIRED,NOT_REQUIRED,True,False,False
19.6,NORMAL,1,1,1,1,0,0,0,0,1,0,1,1,1,136,NORMAL_BASELINE,CONNECTED,CONNECTED_STREAM,NOT_REQUIRED,NOT_REQUIRED,True,False,False
19.65,NORMAL,1,1,1,1,0,0,0,0,1,0,1,1,1,137,NORMAL_BASELINE,CONNECTED,CONNECTED_STREAM,NOT_REQUIRED,NOT_REQUIRED,True,False,False
19.7,NORMAL,1,1,1,1,0,0,0,0,1,0,1,1,1,138,NORMAL_BASELINE,CONNECTED,CONNECTED_STREAM,NOT_REQUIRED,NOT_REQUIRED,True,False,False
19.75,NORMAL,1,1,1,1,0,0,0,0,1,0,1,1,1,139,NORMAL_BASELINE,CONNECTED,CONNECTED_STREAM,NOT_REQUIRED,NOT_REQUIRED,True,False,False
19.8,NORMAL,1,1,1,1,0,0,0,0,1,0,1,1,1,140,NORMAL_BASELINE,CONNECTED,CONNECTED_STREAM,NOT_REQUIRED,NOT_REQUIRED,True,False,False
19.85,NORMAL,1,1,1,1,0,0,0,0,1,0,1,1,1,141,NORMAL_BASELINE,CONNECTED,CONNECTED_STREAM,NOT_REQUIRED,NOT_REQUIRED,True,False,False
19.9,NORMAL,1,1,1,1,0,0,0,0,1,0,1,1,1,142,NORMAL_BASELINE,CONNECTED,CONNECTED_STREAM,NOT_REQUIRED,NOT_REQUIRED,True,False,False
19.95,NORMAL,1,1,1,1,0,0,0,0,1,0,1,1,1,143,NORMAL_BASELINE,CONNECTED,CONNECTED_STREAM,NOT_REQUIRED,NOT_REQUIRED,True,False,False
20.0,NORMAL,1,1,1,1,0,0,0,0,1,0,1,1,1,144,NORMAL_BASELINE,CONNECTED,CONNECTED_STREAM,NOT_REQUIRED,NOT_REQUIRED,True,False,False
20.05,NORMAL,1,1,1,1,0,0,0,0,1,0,1,1,1,145,NORMAL_BASELINE,CONNECTED,CONNECTED_STREAM,NOT_REQUIRED,NOT_REQUIRED,True,False,False
20.1,NORMAL,1,1,1,1,0,0,0,0,1,0,1,1,1,146,NORMAL_BASELINE,CONNECTED,CONNECTED_STREAM,NOT_REQUIRED,NOT_REQUIRED,True,False,False
20.15,NORMAL,1,1,1,1,0,0,0,0,1,0,1,1,1,147,NORMAL_BASELINE,CONNECTED,CONNECTED_STREAM,NOT_REQUIRED,NOT_REQUIRED,True,False,False
20.2,NORMAL,1,1,1,1,0,0,0,0,1,0,1,1,1,148,NORMAL_BASELINE,CONNECTED,CONNECTED_STREAM,NOT_REQUIRED,NOT_REQUIRED,True,False,False
20.25,NORMAL,1,1,1,1,0,0,0,0,1,0,1,1,1,149,NORMAL_BASELINE,CONNECTED,CONNECTED_STREAM,NOT_REQUIRED,NOT_REQUIRED,True,False,False
20.3,NORMAL,1,1,1,1,0,0,0,0,1,0,1,1,1,150,NORMAL_BASELINE,CONNECTED,CONNECTED_STREAM,NOT_REQUIRED,NOT_REQUIRED,True,False,False
20.35,NORMAL,1,1,1,1,0,0,0,0,1,0,1,1,1,151,NORMAL_BASELINE,CONNECTED,CONNECTED_STREAM,NOT_REQUIRED,NOT_REQUIRED,True,False,False
20.4,NORMAL,1,1,1,1,0,0,0,0,1,0,1,1,1,152,NORMAL_BASELINE,CONNECTED,CONNECTED_STREAM,NOT_REQUIRED,NOT_REQUIRED,True,False,False
20.45,NORMAL,1,1,1,1,0,0,0,0,1,0,1,1,1,153,NORMAL_BASELINE,CONNECTED,CONNECTED_STREAM,NOT_REQUIRED,NOT_REQUIRED,True,False,False
20.5,NORMAL,1,1,1,1,0,0,0,0,1,0,1,1,1,154,NORMAL_BASELINE,CONNECTED,CONNECTED_STREAM,NOT_REQUIRED,NOT_REQUIRED,True,False,False
20.55,NORMAL,1,1,1,1,0,0,0,0,1,0,1,1,1,155,NORMAL_BASELINE,CONNECTED,CONNECTED_STREAM,NOT_REQUIRED,NOT_REQUIRED,True,False,False
20.6,NORMAL,1,1,1,1,0,0,0,0,1,0,1,1,1,156,NORMAL_BASELINE,CONNECTED,CONNECTED_STREAM,NOT_REQUIRED,NOT_REQUIRED,True,False,False
20.65,NORMAL,1,1,1,1,0,0,0,0,1,0,1,1,1,157,NORMAL_BASELINE,CONNECTED,CONNECTED_STREAM,NOT_REQUIRED,NOT_REQUIRED,True,False,False
20.7,NORMAL,1,1,1,1,0,0,0,0,1,0,1,1,1,158,NORMAL_BASELINE,CONNECTED,CONNECTED_STREAM,NOT_REQUIRED,NOT_REQUIRED,True,False,False
20.75,NORMAL,1,1,1,1,0,0,0,0,1,0,1,1,1,159,NORMAL_BASELINE,CONNECTED,CONNECTED_STREAM,NOT_REQUIRED,NOT_REQUIRED,True,False,False
20.8,NORMAL,1,1,1,1,0,0,0,0,1,0,1,1,1,160,NORMAL_BASELINE,CONNECTED,CONNECTED_STREAM,NOT_REQUIRED,NOT_REQUIRED,True,False,False
20.85,NORMAL,1,1,1,1,0,0,0,0,1,0,1,1,1,161,NORMAL_BASELINE,CONNECTED,CONNECTED_STREAM,NOT_REQUIRED,NOT_REQUIRED,True,False,False
20.9,NORMAL,1,1,1,1,0,0,0,0,1,0,1,1,1,162,NORMAL_BASELINE,CONNECTED,CONNECTED_STREAM,NOT_REQUIRED,NOT_REQUIRED,True,False,False
20.95,NORMAL,1,1,1,1,0,0,0,0,1,0,1,1,1,163,NORMAL_BASELINE,CONNECTED,CONNECTED_STREAM,NOT_REQUIRED,NOT_REQUIRED,True,False,False
21.0,NORMAL,1,1,1,1,0,0,0,0,1,0,1,1,1,164,NORMAL_BASELINE,CONNECTED,CONNECTED_STREAM,NOT_REQUIRED,NOT_REQUIRED,True,False,False
21.05,NORMAL,1,1,1,1,0,0,0,0,1,0,1,1,1,165,NORMAL_BASELINE,CONNECTED,CONNECTED_STREAM,NOT_REQUIRED,NOT_REQUIRED,True,False,False
21.1,NORMAL,1,1,1,1,0,0,0,0,1,0,1,1,1,166,NORMAL_BASELINE,CONNECTED,CONNECTED_STREAM,NOT_REQUIRED,NOT_REQUIRED,True,False,False
21.15,NORMAL,1,1,1,1,0,0,0,0,1,0,1,1,1,167,NORMAL_BASELINE,CONNECTED,CONNECTED_STREAM,NOT_REQUIRED,NOT_REQUIRED,True,False,False
21.2,NORMAL,1,1,1,1,0,0,0,0,1,0,1,1,1,168,NORMAL_BASELINE,CONNECTED,CONNECTED_STREAM,NOT_REQUIRED,NOT_REQUIRED,True,False,False
21.25,NORMAL,1,1,1,1,0,0,0,0,1,0,1,1,1,169,NORMAL_BASELINE,CONNECTED,CONNECTED_STREAM,NOT_REQUIRED,NOT_REQUIRED,True,False,False
21.3,NORMAL,1,1,1,1,0,0,0,0,1,0,1,1,1,170,NORMAL_BASELINE,CONNECTED,CONNECTED_STREAM,NOT_REQUIRED,NOT_REQUIRED,True,False,False
21.35,NORMAL,1,1,1,1,0,0,0,0,1,0,1,1,1,171,NORMAL_BASELINE,CONNECTED,CONNECTED_STREAM,NOT_REQUIRED,NOT_REQUIRED,True,False,False
21.4,NORMAL,1,1,1,1,0,0,0,0,1,0,1,1,1,172,NORMAL_BASELINE,CONNECTED,CONNECTED_STREAM,NOT_REQUIRED,NOT_REQUIRED,True,False,False
21.45,NORMAL,1,1,1,1,0,0,0,0,1,0,1,1,1,173,NORMAL_BASELINE,CONNECTED,CONNECTED_STREAM,NOT_REQUIRED,NOT_REQUIRED,True,False,False
21.5,NORMAL,1,1,1,1,0,0,0,0,1,0,1,1,1,174,NORMAL_BASELINE,CONNECTED,CONNECTED_STREAM,NOT_REQUIRED,NOT_REQUIRED,True,False,False
21.55,NORMAL,1,1,1,1,0,0,0,0,1,0,1,1,1,175,NORMAL_BASELINE,CONNECTED,CONNECTED_STREAM,NOT_REQUIRED,NOT_REQUIRED,True,False,False
21.6,NORMAL,1,1,1,1,0,0,0,0,1,0,1,1,1,176,NORMAL_BASELINE,CONNECTED,CONNECTED_STREAM,NOT_REQUIRED,NOT_REQUIRED,True,False,False
21.65,NORMAL,1,1,1,1,0,0,0,0,1,0,1,1,1,177,NORMAL_BASELINE,CONNECTED,CONNECTED_STREAM,NOT_REQUIRED,NOT_REQUIRED,True,False,False
21.7,NORMAL,1,1,1,1,0,0,0,0,1,0,1,1,1,178,NORMAL_BASELINE,CONNECTED,CONNECTED_STREAM,NOT_REQUIRED,NOT_REQUIRED,True,False,False
21.75,NORMAL,1,1,1,1,0,0,0,0,1,0,1,1,1,179,NORMAL_BASELINE,CONNECTED,CONNECTED_STREAM,NOT_REQUIRED,NOT_REQUIRED,True,False,False
21.8,NORMAL,1,1,1,1,0,0,0,0,1,0,1,1,1,180,NORMAL_BASELINE,CONNECTED,CONNECTED_STREAM,NOT_REQUIRED,NOT_REQUIRED,True,False,False
21.85,NORMAL,1,1,1,1,0,0,0,0,1,0,1,1,1,181,NORMAL_BASELINE,CONNECTED,CONNECTED_STREAM,NOT_REQUIRED,NOT_REQUIRED,True,False,False
21.9,NORMAL,1,1,1,1,0,0,0,0,1,0,1,1,1,182,NORMAL_BASELINE,CONNECTED,CONNECTED_STREAM,NOT_REQUIRED,NOT_REQUIRED,True,False,False
21.95,NORMAL,1,1,1,1,0,0,0,0,1,0,1,1,1,183,NORMAL_BASELINE,CONNECTED,CONNECTED_STREAM,NOT_REQUIRED,NOT_REQUIRED,True,False,False
22.0,NORMAL,1,1,1,1,0,0,0,0,1,0,1,1,1,184,NORMAL_BASELINE,CONNECTED,CONNECTED_STREAM,NOT_REQUIRED,NOT_REQUIRED,True,False,False
22.05,NORMAL,1,1,1,1,0,0,0,0,1,0,1,1,1,185,NORMAL_BASELINE,CONNECTED,CONNECTED_STREAM,NOT_REQUIRED,NOT_REQUIRED,True,False,False
22.1,NORMAL,1,1,1,1,0,0,0,0,1,0,1,1,1,186,NORMAL_BASELINE,CONNECTED,CONNECTED_STREAM,NOT_REQUIRED,NOT_REQUIRED,True,False,False
22.15,NORMAL,1,1,1,1,0,0,0,0,1,0,1,1,1,187,NORMAL_BASELINE,CONNECTED,CONNECTED_STREAM,NOT_REQUIRED,NOT_REQUIRED,True,False,False
22.2,NORMAL,1,1,1,1,0,0,0,0,1,0,1,1,1,188,NORMAL_BASELINE,CONNECTED,CONNECTED_STREAM,NOT_REQUIRED,NOT_REQUIRED,True,False,False
22.25,NORMAL,1,1,1,1,0,0,0,0,1,0,1,1,1,189,NORMAL_BASELINE,CONNECTED,CONNECTED_STREAM,NOT_REQUIRED,NOT_REQUIRED,True,False,False
22.3,NORMAL,1,1,1,1,0,0,0,0,1,0,1,1,1,190,NORMAL_BASELINE,CONNECTED,CONNECTED_STREAM,NOT_REQUIRED,NOT_REQUIRED,True,False,False
22.35,NORMAL,1,1,1,1,0,0,0,0,1,0,1,1,1,191,NORMAL_BASELINE,CONNECTED,CONNECTED_STREAM,NOT_REQUIRED,NOT_REQUIRED,True,False,False
22.4,NORMAL,1,1,1,1,0,0,0,0,1,0,1,1,1,192,NORMAL_BASELINE,CONNECTED,CONNECTED_STREAM,NOT_REQUIRED,NOT_REQUIRED,True,False,False
22.45,NORMAL,1,1,1,1,0,0,0,0,1,0,1,1,1,193,NORMAL_BASELINE,CONNECTED,CONNECTED_STREAM,NOT_REQUIRED,NOT_REQUIRED,True,False,False
22.5,NORMAL,1,1,1,1,0,0,0,0,1,0,1,1,1,194,NORMAL_BASELINE,CONNECTED,CONNECTED_STREAM,NOT_REQUIRED,NOT_REQUIRED,True,False,False
22.55,NORMAL,1,1,1,1,0,0,0,0,1,0,1,1,1,195,NORMAL_BASELINE,CONNECTED,CONNECTED_STREAM,NOT_REQUIRED,NOT_REQUIRED,True,False,False
22.6,NORMAL,1,1,1,1,0,0,0,0,1,0,1,1,1,196,NORMAL_BASELINE,CONNECTED,CONNECTED_STREAM,NOT_REQUIRED,NOT_REQUIRED,True,False,False
22.65,NORMAL,1,1,1,1,0,0,0,0,1,0,1,1,1,197,NORMAL_BASELINE,CONNECTED,CONNECTED_STREAM,NOT_REQUIRED,NOT_REQUIRED,True,False,False
22.7,NORMAL,1,1,1,1,0,0,0,0,1,0,1,1,1,198,NORMAL_BASELINE,CONNECTED,CONNECTED_STREAM,NOT_REQUIRED,NOT_REQUIRED,True,False,False
22.75,NORMAL,1,1,1,1,0,0,0,0,1,0,1,1,1,199,NORMAL_BASELINE,CONNECTED,CONNECTED_STREAM,NOT_REQUIRED,NOT_REQUIRED,True,False,False
22.8,NORMAL,1,1,1,1,0,0,0,0,1,0,1,1,1,200,NORMAL_BASELINE,CONNECTED,CONNECTED_STREAM,NOT_REQUIRED,NOT_REQUIRED,True,False,False
22.85,NORMAL,1,1,1,1,0,0,0,0,1,0,1,1,1,201,NORMAL_BASELINE,CONNECTED,CONNECTED_STREAM,NOT_REQUIRED,NOT_REQUIRED,True,False,False
22.9,NORMAL,1,1,1,1,0,0,0,0,1,0,1,1,1,202,NORMAL_BASELINE,CONNECTED,CONNECTED_STREAM,NOT_REQUIRED,NOT_REQUIRED,True,False,False
22.95,NORMAL,1,1,1,1,0,0,0,0,1,0,1,1,1,203,NORMAL_BASELINE,CONNECTED,CONNECTED_STREAM,NOT_REQUIRED,NOT_REQUIRED,True,False,False
23.0,NORMAL,1,1,1,1,0,0,0,0,1,0,1,1,1,204,NORMAL_BASELINE,CONNECTED,CONNECTED_STREAM,NOT_REQUIRED,NOT_REQUIRED,True,False,False
23.05,NORMAL,1,1,1,1,0,0,0,0,1,0,1,1,1,205,NORMAL_BASELINE,CONNECTED,CONNECTED_STREAM,NOT_REQUIRED,NOT_REQUIRED,True,False,False
23.1,NORMAL,1,1,1,1,0,0,0,0,1,0,1,1,1,206,NORMAL_BASELINE,CONNECTED,CONNECTED_STREAM,NOT_REQUIRED,NOT_REQUIRED,True,False,False
23.15,NORMAL,1,1,1,1,0,0,0,0,1,0,1,1,1,207,NORMAL_BASELINE,CONNECTED,CONNECTED_STREAM,NOT_REQUIRED,NOT_REQUIRED,True,False,False
23.2,NORMAL,1,1,1,1,0,0,0,0,1,0,1,1,1,208,NORMAL_BASELINE,CONNECTED,CONNECTED_STREAM,NOT_REQUIRED,NOT_REQUIRED,True,False,False
23.25,NORMAL,1,1,1,1,0,0,0,0,1,0,1,1,1,209,NORMAL_BASELINE,CONNECTED,CONNECTED_STREAM,NOT_REQUIRED,NOT_REQUIRED,True,False,False
23.3,NORMAL,1,1,1,1,0,0,0,0,1,0,1,1,1,210,NORMAL_BASELINE,CONNECTED,CONNECTED_STREAM,NOT_REQUIRED,NOT_REQUIRED,True,False,False
23.35,NORMAL,1,1,1,1,0,0,0,0,1,0,1,1,1,211,NORMAL_BASELINE,CONNECTED,CONNECTED_STREAM,NOT_REQUIRED,NOT_REQUIRED,True,False,False
23.4,NORMAL,1,1,1,1,0,0,0,0,1,0,1,1,1,212,NORMAL_BASELINE,CONNECTED,CONNECTED_STREAM,NOT_REQUIRED,NOT_REQUIRED,True,False,False
23.45,NORMAL,1,1,1,1,0,0,0,0,1,0,1,1,1,213,NORMAL_BASELINE,CONNECTED,CONNECTED_STREAM,NOT_REQUIRED,NOT_REQUIRED,True,False,False
23.5,NORMAL,1,1,1,1,0,0,0,0,1,0,1,1,1,214,NORMAL_BASELINE,CONNECTED,CONNECTED_STREAM,NOT_REQUIRED,NOT_REQUIRED,True,False,False
23.55,NORMAL,1,1,1,1,0,0,0,0,1,0,1,1,1,215,NORMAL_BASELINE,CONNECTED,CONNECTED_STREAM,NOT_REQUIRED,NOT_REQUIRED,True,False,False
23.6,NORMAL,1,1,1,1,0,0,0,0,1,0,1,1,1,216,NORMAL_BASELINE,CONNECTED,CONNECTED_STREAM,NOT_REQUIRED,NOT_REQUIRED,True,False,False
23.65,NORMAL,1,1,1,1,0,0,0,0,1,0,1,1,1,217,NORMAL_BASELINE,CONNECTED,CONNECTED_STREAM,NOT_REQUIRED,NOT_REQUIRED,True,False,False
23.7,NORMAL,1,1,1,1,0,0,0,0,1,0,1,1,1,218,NORMAL_BASELINE,CONNECTED,CONNECTED_STREAM,NOT_REQUIRED,NOT_REQUIRED,True,False,False
23.75,NORMAL,1,1,1,1,0,0,0,0,1,0,1,1,1,219,NORMAL_BASELINE,CONNECTED,CONNECTED_STREAM,NOT_REQUIRED,NOT_REQUIRED,True,False,False
23.8,NORMAL,1,1,1,1,0,0,0,0,1,0,1,1,1,220,NORMAL_BASELINE,CONNECTED,CONNECTED_STREAM,NOT_REQUIRED,NOT_REQUIRED,True,False,False
23.85,NORMAL,1,1,1,1,0,0,0,0,1,0,1,1,1,221,NORMAL_BASELINE,CONNECTED,CONNECTED_STREAM,NOT_REQUIRED,NOT_REQUIRED,True,False,False
23.9,NORMAL,1,1,1,1,0,0,0,0,1,0,1,1,1,222,NORMAL_BASELINE,CONNECTED,CONNECTED_STREAM,NOT_REQUIRED,NOT_REQUIRED,True,False,False
23.95,NORMAL,1,1,1,1,0,0,0,0,1,0,1,1,1,223,NORMAL_BASELINE,CONNECTED,CONNECTED_STREAM,NOT_REQUIRED,NOT_REQUIRED,True,False,False
24.0,NORMAL,1,1,1,1,0,0,0,0,1,0,1,1,1,224,NORMAL_BASELINE,CONNECTED,CONNECTED_STREAM,NOT_REQUIRED,NOT_REQUIRED,True,False,False
24.05,NORMAL,1,1,1,1,0,0,0,0,1,0,1,1,1,225,NORMAL_BASELINE,CONNECTED,CONNECTED_STREAM,NOT_REQUIRED,NOT_REQUIRED,True,False,False
24.1,NORMAL,1,1,1,1,0,0,0,0,1,0,1,1,1,226,NORMAL_BASELINE,CONNECTED,CONNECTED_STREAM,NOT_REQUIRED,NOT_REQUIRED,True,False,False
24.15,NORMAL,1,1,1,1,0,0,0,0,1,0,1,1,1,227,NORMAL_BASELINE,CONNECTED,CONNECTED_STREAM,NOT_REQUIRED,NOT_REQUIRED,True,False,False
24.2,NORMAL,1,1,1,1,0,0,0,0,1,0,1,1,1,228,NORMAL_BASELINE,CONNECTED,CONNECTED_STREAM,NOT_REQUIRED,NOT_REQUIRED,True,False,False
24.25,NORMAL,1,1,1,1,0,0,0,0,1,0,1,1,1,229,NORMAL_BASELINE,CONNECTED,CONNECTED_STREAM,NOT_REQUIRED,NOT_REQUIRED,True,False,False
24.3,NORMAL,1,1,1,1,0,0,0,0,1,0,1,1,1,230,NORMAL_BASELINE,CONNECTED,CONNECTED_STREAM,NOT_REQUIRED,NOT_REQUIRED,True,False,False
24.35,NORMAL,1,1,1,1,0,0,0,0,1,0,1,1,1,231,NORMAL_BASELINE,CONNECTED,CONNECTED_STREAM,NOT_REQUIRED,NOT_REQUIRED,True,False,False
24.4,NORMAL,1,1,1,1,0,0,0,0,1,0,1,1,1,232,NORMAL_BASELINE,CONNECTED,CONNECTED_STREAM,NOT_REQUIRED,NOT_REQUIRED,True,False,False
24.45,NORMAL,1,1,1,1,0,0,0,0,1,0,1,1,1,233,NORMAL_BASELINE,CONNECTED,CONNECTED_STREAM,NOT_REQUIRED,NOT_REQUIRED,True,False,False
24.5,NORMAL,1,1,1,1,0,0,0,0,1,0,1,1,1,234,NORMAL_BASELINE,CONNECTED,CONNECTED_STREAM,NOT_REQUIRED,NOT_REQUIRED,True,False,False
24.55,NORMAL,1,1,1,1,0,0,0,0,1,0,1,1,1,235,NORMAL_BASELINE,CONNECTED,CONNECTED_STREAM,NOT_REQUIRED,NOT_REQUIRED,True,False,False
24.6,NORMAL,1,1,1,1,0,0,0,0,1,0,1,1,1,236,NORMAL_BASELINE,CONNECTED,CONNECTED_STREAM,NOT_REQUIRED,NOT_REQUIRED,True,False,False
24.65,NORMAL,1,1,1,1,0,0,0,0,1,0,1,1,1,237,NORMAL_BASELINE,CONNECTED,CONNECTED_STREAM,NOT_REQUIRED,NOT_REQUIRED,True,False,False
24.7,NORMAL,1,1,1,1,0,0,0,0,1,0,1,1,1,238,NORMAL_BASELINE,CONNECTED,CONNECTED_STREAM,NOT_REQUIRED,NOT_REQUIRED,True,False,False
24.75,NORMAL,1,1,1,1,0,0,0,0,1,0,1,1,1,239,NORMAL_BASELINE,CONNECTED,CONNECTED_STREAM,NOT_REQUIRED,NOT_REQUIRED,True,False,False
24.8,NORMAL,1,1,1,1,0,0,0,0,1,0,1,1,1,240,NORMAL_BASELINE,CONNECTED,CONNECTED_STREAM,NOT_REQUIRED,NOT_REQUIRED,True,False,False
24.85,NORMAL,1,1,1,1,0,0,0,0,1,0,1,1,1,241,NORMAL_BASELINE,CONNECTED,CONNECTED_STREAM,NOT_REQUIRED,NOT_REQUIRED,True,False,False
24.9,NORMAL,1,1,1,1,0,0,0,0,1,0,1,1,1,242,NORMAL_BASELINE,CONNECTED,CONNECTED_STREAM,NOT_REQUIRED,NOT_REQUIRED,True,False,False
24.95,NORMAL,1,1,1,1,0,0,0,0,1,0,1,1,1,243,NORMAL_BASELINE,CONNECTED,CONNECTED_STREAM,NOT_REQUIRED,NOT_REQUIRED,True,False,False
25.0,NORMAL,1,1,1,1,0,0,0,0,1,0,1,1,1,244,NORMAL_BASELINE,CONNECTED,CONNECTED_STREAM,NOT_REQUIRED,NOT_REQUIRED,True,False,False
25.05,NORMAL,1,1,1,1,0,0,0,0,1,0,1,1,1,245,NORMAL_BASELINE,CONNECTED,CONNECTED_STREAM,NOT_REQUIRED,NOT_REQUIRED,True,False,False
25.1,NORMAL,1,1,1,1,0,0,0,0,1,0,1,1,1,246,NORMAL_BASELINE,CONNECTED,CONNECTED_STREAM,NOT_REQUIRED,NOT_REQUIRED,True,False,False
25.15,NORMAL,1,1,1,1,0,0,0,0,1,0,1,1,1,247,NORMAL_BASELINE,CONNECTED,CONNECTED_STREAM,NOT_REQUIRED,NOT_REQUIRED,True,False,False
25.2,NORMAL,1,1,1,1,0,0,0,0,1,0,1,1,1,248,NORMAL_BASELINE,CONNECTED,CONNECTED_STREAM,NOT_REQUIRED,NOT_REQUIRED,True,False,False
25.25,NORMAL,1,1,1,1,0,0,0,0,1,0,1,1,1,249,NORMAL_BASELINE,CONNECTED,CONNECTED_STREAM,NOT_REQUIRED,NOT_REQUIRED,True,False,False
25.3,NORMAL,1,1,1,1,0,0,0,0,1,0,1,1,1,250,NORMAL_BASELINE,CONNECTED,CONNECTED_STREAM,NOT_REQUIRED,NOT_REQUIRED,True,False,False
25.35,NORMAL,1,1,1,1,0,0,0,0,1,0,1,1,1,251,NORMAL_BASELINE,CONNECTED,CONNECTED_STREAM,NOT_REQUIRED,NOT_REQUIRED,True,False,False
25.4,NORMAL,1,1,1,1,0,0,0,0,1,0,1,1,1,252,NORMAL_BASELINE,CONNECTED,CONNECTED_STREAM,NOT_REQUIRED,NOT_REQUIRED,True,False,False
25.45,NORMAL,1,1,1,1,0,0,0,0,1,0,1,1,1,253,NORMAL_BASELINE,CONNECTED,CONNECTED_STREAM,NOT_REQUIRED,NOT_REQUIRED,True,False,False
25.5,NORMAL,1,1,1,1,0,0,0,0,1,0,1,1,1,254,NORMAL_BASELINE,CONNECTED,CONNECTED_STREAM,NOT_REQUIRED,NOT_REQUIRED,True,False,False
25.55,NORMAL,1,1,1,1,0,0,0,0,1,0,1,1,1,255,NORMAL_BASELINE,CONNECTED,CONNECTED_STREAM,NOT_REQUIRED,NOT_REQUIRED,True,False,False
25.6,NORMAL,1,1,1,1,0,0,0,0,1,0,1,1,1,0,NORMAL_BASELINE,CONNECTED,CONNECTED_STREAM,NOT_REQUIRED,NOT_REQUIRED,True,False,False
25.65,NORMAL,1,1,1,1,0,0,0,0,1,0,1,1,1,1,NORMAL_BASELINE,CONNECTED,CONNECTED_STREAM,NOT_REQUIRED,NOT_REQUIRED,True,False,False
25.7,NORMAL,1,1,1,1,0,0,0,0,1,0,1,1,1,2,NORMAL_BASELINE,CONNECTED,CONNECTED_STREAM,NOT_REQUIRED,NOT_REQUIRED,True,False,False
25.75,NORMAL,1,1,1,1,0,0,0,0,1,0,1,1,1,3,NORMAL_BASELINE,CONNECTED,CONNECTED_STREAM,NOT_REQUIRED,NOT_REQUIRED,True,False,False
25.8,NORMAL,1,1,1,1,0,0,0,0,1,0,1,1,1,4,NORMAL_BASELINE,CONNECTED,CONNECTED_STREAM,NOT_REQUIRED,NOT_REQUIRED,True,False,False
25.85,NORMAL,1,1,1,1,0,0,0,0,1,0,1,1,1,5,NORMAL_BASELINE,CONNECTED,CONNECTED_STREAM,NOT_REQUIRED,NOT_REQUIRED,True,False,False
25.9,NORMAL,1,1,1,1,0,0,0,0,1,0,1,1,1,6,NORMAL_BASELINE,CONNECTED,CONNECTED_STREAM,NOT_REQUIRED,NOT_REQUIRED,True,False,False
25.95,NORMAL,1,1,1,1,0,0,0,0,1,0,1,1,1,7,NORMAL_BASELINE,CONNECTED,CONNECTED_STREAM,NOT_REQUIRED,NOT_REQUIRED,True,False,False
26.0,NORMAL,1,1,1,1,0,0,0,0,1,0,1,1,1,8,NORMAL_BASELINE,CONNECTED,CONNECTED_STREAM,NOT_REQUIRED,NOT_REQUIRED,True,False,False
26.05,NORMAL,1,1,1,1,0,0,0,0,1,0,1,1,1,9,NORMAL_BASELINE,CONNECTED,CONNECTED_STREAM,NOT_REQUIRED,NOT_REQUIRED,True,False,False
26.1,NORMAL,1,1,1,1,0,0,0,0,1,0,1,1,1,10,NORMAL_BASELINE,CONNECTED,CONNECTED_STREAM,NOT_REQUIRED,NOT_REQUIRED,True,False,False
26.15,NORMAL,1,1,1,1,0,0,0,0,1,0,1,1,1,11,NORMAL_BASELINE,CONNECTED,CONNECTED_STREAM,NOT_REQUIRED,NOT_REQUIRED,True,False,False
26.2,NORMAL,1,1,1,1,0,0,0,0,1,0,1,1,1,12,NORMAL_BASELINE,CONNECTED,CONNECTED_STREAM,NOT_REQUIRED,NOT_REQUIRED,True,False,False
26.25,NORMAL,1,1,1,1,0,0,0,0,1,0,1,1,1,13,NORMAL_BASELINE,CONNECTED,CONNECTED_STREAM,NOT_REQUIRED,NOT_REQUIRED,True,False,False
26.3,NORMAL,1,1,1,1,0,0,0,0,1,0,1,1,1,14,NORMAL_BASELINE,CONNECTED,CONNECTED_STREAM,NOT_REQUIRED,NOT_REQUIRED,True,False,False
26.35,NORMAL,1,1,1,1,0,0,0,0,1,0,1,1,1,15,NORMAL_BASELINE,CONNECTED,CONNECTED_STREAM,NOT_REQUIRED,NOT_REQUIRED,True,False,False
26.4,NORMAL,1,1,1,1,0,0,0,0,1,0,1,1,1,16,NORMAL_BASELINE,CONNECTED,CONNECTED_STREAM,NOT_REQUIRED,NOT_REQUIRED,True,False,False
26.45,NORMAL,1,1,1,1,0,0,0,0,1,0,1,1,1,17,NORMAL_BASELINE,CONNECTED,CONNECTED_STREAM,NOT_REQUIRED,NOT_REQUIRED,True,False,False
26.5,NORMAL,1,1,1,1,0,0,0,0,1,0,1,1,1,18,NORMAL_BASELINE,CONNECTED,CONNECTED_STREAM,NOT_REQUIRED,NOT_REQUIRED,True,False,False
26.55,NORMAL,1,1,1,1,0,0,0,0,1,0,1,1,1,19,NORMAL_BASELINE,CONNECTED,CONNECTED_STREAM,NOT_REQUIRED,NOT_REQUIRED,True,False,False
26.6,NORMAL,1,1,1,1,0,0,0,0,1,0,1,1,1,20,NORMAL_BASELINE,CONNECTED,CONNECTED_STREAM,NOT_REQUIRED,NOT_REQUIRED,True,False,False
26.65,NORMAL,1,1,1,1,0,0,0,0,1,0,1,1,1,21,NORMAL_BASELINE,CONNECTED,CONNECTED_STREAM,NOT_REQUIRED,NOT_REQUIRED,True,False,False
26.7,NORMAL,1,1,1,1,0,0,0,0,1,0,1,1,1,22,NORMAL_BASELINE,CONNECTED,CONNECTED_STREAM,NOT_REQUIRED,NOT_REQUIRED,True,False,False
26.75,NORMAL,1,1,1,1,0,0,0,0,1,0,1,1,1,23,NORMAL_BASELINE,CONNECTED,CONNECTED_STREAM,NOT_REQUIRED,NOT_REQUIRED,True,False,False
26.8,NORMAL,1,1,1,1,0,0,0,0,1,0,1,1,1,24,NORMAL_BASELINE,CONNECTED,CONNECTED_STREAM,NOT_REQUIRED,NOT_REQUIRED,True,False,False
26.85,NORMAL,1,1,1,1,0,0,0,0,1,0,1,1,1,25,NORMAL_BASELINE,CONNECTED,CONNECTED_STREAM,NOT_REQUIRED,NOT_REQUIRED,True,False,False
26.9,NORMAL,1,1,1,1,0,0,0,0,1,0,1,1,1,26,NORMAL_BASELINE,CONNECTED,CONNECTED_STREAM,NOT_REQUIRED,NOT_REQUIRED,True,False,False
26.95,NORMAL,1,1,1,1,0,0,0,0,1,0,1,1,1,27,NORMAL_BASELINE,CONNECTED,CONNECTED_STREAM,NOT_REQUIRED,NOT_REQUIRED,True,False,False
27.0,NORMAL,1,1,1,1,0,0,0,0,1,0,1,1,1,28,NORMAL_BASELINE,CONNECTED,CONNECTED_STREAM,NOT_REQUIRED,NOT_REQUIRED,True,False,False
27.05,NORMAL,1,1,1,1,0,0,0,0,1,0,1,1,1,29,NORMAL_BASELINE,CONNECTED,CONNECTED_STREAM,NOT_REQUIRED,NOT_REQUIRED,True,False,False
27.1,NORMAL,1,1,1,1,0,0,0,0,1,0,1,1,1,30,NORMAL_BASELINE,CONNECTED,CONNECTED_STREAM,NOT_REQUIRED,NOT_REQUIRED,True,False,False
27.15,NORMAL,1,1,1,1,0,0,0,0,1,0,1,1,1,31,NORMAL_BASELINE,CONNECTED,CONNECTED_STREAM,NOT_REQUIRED,NOT_REQUIRED,True,False,False
27.2,NORMAL,1,1,1,1,0,0,0,0,1,0,1,1,1,32,NORMAL_BASELINE,CONNECTED,CONNECTED_STREAM,NOT_REQUIRED,NOT_REQUIRED,True,False,False
27.25,NORMAL,1,1,1,1,0,0,0,0,1,0,1,1,1,33,NORMAL_BASELINE,CONNECTED,CONNECTED_STREAM,NOT_REQUIRED,NOT_REQUIRED,True,False,False
27.3,NORMAL,1,1,1,1,0,0,0,0,1,0,1,1,1,34,NORMAL_BASELINE,CONNECTED,CONNECTED_STREAM,NOT_REQUIRED,NOT_REQUIRED,True,False,False
27.35,NORMAL,1,1,1,1,0,0,0,0,1,0,1,1,1,35,NORMAL_BASELINE,CONNECTED,CONNECTED_STREAM,NOT_REQUIRED,NOT_REQUIRED,True,False,False
27.4,NORMAL,1,1,1,1,0,0,0,0,1,0,1,1,1,36,NORMAL_BASELINE,CONNECTED,CONNECTED_STREAM,NOT_REQUIRED,NOT_REQUIRED,True,False,False
27.45,NORMAL,1,1,1,1,0,0,0,0,1,0,1,1,1,37,NORMAL_BASELINE,CONNECTED,CONNECTED_STREAM,NOT_REQUIRED,NOT_REQUIRED,True,False,False
27.5,NORMAL,1,1,1,1,0,0,0,0,1,0,1,1,1,38,NORMAL_BASELINE,CONNECTED,CONNECTED_STREAM,NOT_REQUIRED,NOT_REQUIRED,True,False,False
27.55,NORMAL,1,1,1,1,0,0,0,0,1,0,1,1,1,39,NORMAL_BASELINE,CONNECTED,CONNECTED_STREAM,NOT_REQUIRED,NOT_REQUIRED,True,False,False
27.6,NORMAL,1,1,1,1,0,0,0,0,1,0,1,1,1,40,NORMAL_BASELINE,CONNECTED,CONNECTED_STREAM,NOT_REQUIRED,NOT_REQUIRED,True,False,False
27.65,NORMAL,1,1,1,1,0,0,0,0,1,0,1,1,1,41,NORMAL_BASELINE,CONNECTED,CONNECTED_STREAM,NOT_REQUIRED,NOT_REQUIRED,True,False,False
27.7,NORMAL,1,1,1,1,0,0,0,0,1,0,1,1,1,42,NORMAL_BASELINE,CONNECTED,CONNECTED_STREAM,NOT_REQUIRED,NOT_REQUIRED,True,False,False
27.75,NORMAL,1,1,1,1,0,0,0,0,1,0,1,1,1,43,NORMAL_BASELINE,CONNECTED,CONNECTED_STREAM,NOT_REQUIRED,NOT_REQUIRED,True,False,False
27.8,NORMAL,1,1,1,1,0,0,0,0,1,0,1,1,1,44,NORMAL_BASELINE,CONNECTED,CONNECTED_STREAM,NOT_REQUIRED,NOT_REQUIRED,True,False,False
27.85,NORMAL,1,1,1,1,0,0,0,0,1,0,1,1,1,45,NORMAL_BASELINE,CONNECTED,CONNECTED_STREAM,NOT_REQUIRED,NOT_REQUIRED,True,False,False
27.9,NORMAL,1,1,1,1,0,0,0,0,1,0,1,1,1,46,NORMAL_BASELINE,CONNECTED,CONNECTED_STREAM,NOT_REQUIRED,NOT_REQUIRED,True,False,False
27.95,NORMAL,1,1,1,1,0,0,0,0,1,0,1,1,1,47,NORMAL_BASELINE,CONNECTED,CONNECTED_STREAM,NOT_REQUIRED,NOT_REQUIRED,True,False,False
28.0,NORMAL,1,1,1,1,0,0,0,0,1,0,1,1,1,48,NORMAL_BASELINE,CONNECTED,CONNECTED_STREAM,NOT_REQUIRED,NOT_REQUIRED,True,False,False
28.05,NORMAL,1,1,1,1,0,0,0,0,1,0,1,1,1,49,NORMAL_BASELINE,CONNECTED,CONNECTED_STREAM,NOT_REQUIRED,NOT_REQUIRED,True,False,False
28.1,NORMAL,1,1,1,1,0,0,0,0,1,0,1,1,1,50,NORMAL_BASELINE,CONNECTED,CONNECTED_STREAM,NOT_REQUIRED,NOT_REQUIRED,True,False,False
28.15,NORMAL,1,1,1,1,0,0,0,0,1,0,1,1,1,51,NORMAL_BASELINE,CONNECTED,CONNECTED_STREAM,NOT_REQUIRED,NOT_REQUIRED,True,False,False
28.2,NORMAL,1,1,1,1,0,0,0,0,1,0,1,1,1,52,NORMAL_BASELINE,CONNECTED,CONNECTED_STREAM,NOT_REQUIRED,NOT_REQUIRED,True,False,False
28.25,NORMAL,1,1,1,1,0,0,0,0,1,0,1,1,1,53,NORMAL_BASELINE,CONNECTED,CONNECTED_STREAM,NOT_REQUIRED,NOT_REQUIRED,True,False,False
28.3,NORMAL,1,1,1,1,0,0,0,0,1,0,1,1,1,54,NORMAL_BASELINE,CONNECTED,CONNECTED_STREAM,NOT_REQUIRED,NOT_REQUIRED,True,False,False
28.35,NORMAL,1,1,1,1,0,0,0,0,1,0,1,1,1,55,NORMAL_BASELINE,CONNECTED,CONNECTED_STREAM,NOT_REQUIRED,NOT_REQUIRED,True,False,False
28.4,NORMAL,1,1,1,1,0,0,0,0,1,0,1,1,1,56,NORMAL_BASELINE,CONNECTED,CONNECTED_STREAM,NOT_REQUIRED,NOT_REQUIRED,True,False,False
28.45,NORMAL,1,1,1,1,0,0,0,0,1,0,1,1,1,57,NORMAL_BASELINE,CONNECTED,CONNECTED_STREAM,NOT_REQUIRED,NOT_REQUIRED,True,False,False
28.5,NORMAL,1,1,1,1,0,0,0,0,1,0,1,1,1,58,NORMAL_BASELINE,CONNECTED,CONNECTED_STREAM,NOT_REQUIRED,NOT_REQUIRED,True,False,False
28.55,NORMAL,1,1,1,1,0,0,0,0,1,0,1,1,1,59,NORMAL_BASELINE,CONNECTED,CONNECTED_STREAM,NOT_REQUIRED,NOT_REQUIRED,True,False,False
28.6,NORMAL,1,1,1,1,0,0,0,0,1,0,1,1,1,60,NORMAL_BASELINE,CONNECTED,CONNECTED_STREAM,NOT_REQUIRED,NOT_REQUIRED,True,False,False
28.65,NORMAL,1,1,1,1,0,0,0,0,1,0,1,1,1,61,NORMAL_BASELINE,CONNECTED,CONNECTED_STREAM,NOT_REQUIRED,NOT_REQUIRED,True,False,False
28.7,NORMAL,1,1,1,1,0,0,0,0,1,0,1,1,1,62,NORMAL_BASELINE,CONNECTED,CONNECTED_STREAM,NOT_REQUIRED,NOT_REQUIRED,True,False,False
28.75,NORMAL,1,1,1,1,0,0,0,0,1,0,1,1,1,63,NORMAL_BASELINE,CONNECTED,CONNECTED_STREAM,NOT_REQUIRED,NOT_REQUIRED,True,False,False
28.8,NORMAL,1,1,1,1,0,0,0,0,1,0,1,1,1,64,NORMAL_BASELINE,CONNECTED,CONNECTED_STREAM,NOT_REQUIRED,NOT_REQUIRED,True,False,False
28.85,NORMAL,1,1,1,1,0,0,0,0,1,0,1,1,1,65,NORMAL_BASELINE,CONNECTED,CONNECTED_STREAM,NOT_REQUIRED,NOT_REQUIRED,True,False,False
28.9,NORMAL,1,1,1,1,0,0,0,0,1,0,1,1,1,66,NORMAL_BASELINE,CONNECTED,CONNECTED_STREAM,NOT_REQUIRED,NOT_REQUIRED,True,False,False
28.95,NORMAL,1,1,1,1,0,0,0,0,1,0,1,1,1,67,NORMAL_BASELINE,CONNECTED,CONNECTED_STREAM,NOT_REQUIRED,NOT_REQUIRED,True,False,False
29.0,NORMAL,1,1,1,1,0,0,0,0,1,0,1,1,1,68,NORMAL_BASELINE,CONNECTED,CONNECTED_STREAM,NOT_REQUIRED,NOT_REQUIRED,True,False,False
29.05,NORMAL,1,1,1,1,0,0,0,0,1,0,1,1,1,69,NORMAL_BASELINE,CONNECTED,CONNECTED_STREAM,NOT_REQUIRED,NOT_REQUIRED,True,False,False
29.1,NORMAL,1,1,1,1,0,0,0,0,1,0,1,1,1,70,NORMAL_BASELINE,CONNECTED,CONNECTED_STREAM,NOT_REQUIRED,NOT_REQUIRED,True,False,False
29.15,NORMAL,1,1,1,1,0,0,0,0,1,0,1,1,1,71,NORMAL_BASELINE,CONNECTED,CONNECTED_STREAM,NOT_REQUIRED,NOT_REQUIRED,True,False,False
29.2,NORMAL,1,1,1,1,0,0,0,0,1,0,1,1,1,72,NORMAL_BASELINE,CONNECTED,CONNECTED_STREAM,NOT_REQUIRED,NOT_REQUIRED,True,False,False
29.25,NORMAL,1,1,1,1,0,0,0,0,1,0,1,1,1,73,NORMAL_BASELINE,CONNECTED,CONNECTED_STREAM,NOT_REQUIRED,NOT_REQUIRED,True,False,False
29.3,NORMAL,1,1,1,1,0,0,0,0,1,0,1,1,1,74,NORMAL_BASELINE,CONNECTED,CONNECTED_STREAM,NOT_REQUIRED,NOT_REQUIRED,True,False,False
29.35,NORMAL,1,1,1,1,0,0,0,0,1,0,1,1,1,75,NORMAL_BASELINE,CONNECTED,CONNECTED_STREAM,NOT_REQUIRED,NOT_REQUIRED,True,False,False
29.4,NORMAL,1,1,1,1,0,0,0,0,1,0,1,1,1,76,NORMAL_BASELINE,CONNECTED,CONNECTED_STREAM,NOT_REQUIRED,NOT_REQUIRED,True,False,False
29.45,NORMAL,1,1,1,1,0,0,0,0,1,0,1,1,1,77,NORMAL_BASELINE,CONNECTED,CONNECTED_STREAM,NOT_REQUIRED,NOT_REQUIRED,True,False,False
29.5,NORMAL,1,1,1,1,0,0,0,0,1,0,1,1,1,78,NORMAL_BASELINE,CONNECTED,CONNECTED_STREAM,NOT_REQUIRED,NOT_REQUIRED,True,False,False
29.55,NORMAL,1,1,1,1,0,0,0,0,1,0,1,1,1,79,NORMAL_BASELINE,CONNECTED,CONNECTED_STREAM,NOT_REQUIRED,NOT_REQUIRED,True,False,False
29.6,NORMAL,1,1,1,1,0,0,0,0,1,0,1,1,1,80,NORMAL_BASELINE,CONNECTED,CONNECTED_STREAM,NOT_REQUIRED,NOT_REQUIRED,True,False,False
29.65,NORMAL,1,1,1,1,0,0,0,0,1,0,1,1,1,81,NORMAL_BASELINE,CONNECTED,CONNECTED_STREAM,NOT_REQUIRED,NOT_REQUIRED,True,False,False
29.7,NORMAL,1,1,1,1,0,0,0,0,1,0,1,1,1,82,NORMAL_BASELINE,CONNECTED,CONNECTED_STREAM,NOT_REQUIRED,NOT_REQUIRED,True,False,False
29.75,NORMAL,1,1,1,1,0,0,0,0,1,0,1,1,1,83,NORMAL_BASELINE,CONNECTED,CONNECTED_STREAM,NOT_REQUIRED,NOT_REQUIRED,True,False,False
29.8,NORMAL,1,1,1,1,0,0,0,0,1,0,1,1,1,84,NORMAL_BASELINE,CONNECTED,CONNECTED_STREAM,NOT_REQUIRED,NOT_REQUIRED,True,False,False
29.85,NORMAL,1,1,1,1,0,0,0,0,1,0,1,1,1,85,NORMAL_BASELINE,CONNECTED,CONNECTED_STREAM,NOT_REQUIRED,NOT_REQUIRED,True,False,False
29.9,NORMAL,1,1,1,1,0,0,0,0,1,0,1,1,1,86,NORMAL_BASELINE,CONNECTED,CONNECTED_STREAM,NOT_REQUIRED,NOT_REQUIRED,True,False,False
29.95,NORMAL,1,1,1,1,0,0,0,0,1,0,1,1,1,87,NORMAL_BASELINE,CONNECTED,CONNECTED_STREAM,NOT_REQUIRED,NOT_REQUIRED,True,False,False
