dataset,year,table,variable,role,family,manual_page,expected_sas_name,actual_sas_name,format,element_values,definition,verification_status
CRSS,2024,accident.csv,PEDS,candidate_feature,crash_context,67,accident.PEDS,Accident.PEDS,2 numeric,Codes Attributes 00-99 Actual Number,This element records the number of Person (Not a Motor Vehicle Occupant) Level forms that are applicable to this case.,VERIFIED_SAS_NAME_AND_DEFINITION
CRSS,2024,accident.csv,HARM_EV,candidate_feature,crash_context,103,accident.HARM_EV,"Accident.HARM_EV, Vehicle.HARM_EV, Person.HARM_EV, Parkwork.PHARM_EV",2 numeric,"Non-Collision Harmful Events: Codes Attributes 01 Rollover/Overturn 02 Fire/Explosion 03 Immersion or Partial Immersion 04 Gas Inhalation 51 Jackknife (harmful to this vehicle) 06 Injured in Vehicle (Non-Collision) 44 Pavement Surface Irregularity (Ruts, Potholes, Grates, etc.) 07 Other Non-Collision 16 Thrown or Falling Object 72 Cargo/Equipment Loss, Shift, or Damage (harmful) 05 Fell/Jumped from Vehicle Collision With Motor Vehicle In-Transport: Codes Attributes 12 Motor Vehicle In-Transport 54 Motor Vehicle In-Transport Strikes or is Struck by Cargo, Persons, or Objects Set in Motion from/by Another Motor Vehicle In-Transport 55 Motor Vehicle in Motion Outside the Trafficway Collision With Object Not Fixed: Codes Attributes 08 Pedestrian 09 Pedalcyclist 10 Railway Vehicle 74 Road Vehicle on Rails 11 Live Animal",,SAS_NAME_MATCH_REQUIRES_REVIEW
CRSS,2024,accident.csv,MAN_COLL,candidate_feature,crash_context,117,accident.MAN_COLL,"Accident.MAN_COLL, Vehicle.MAN_COLL, Person.MAN_COLL, Parkwork.PMAN_COLL",2 numeric,Codes Attributes 00 The First Harmful Event was Not a Collision with a Motor Vehicle In-Transport 01 Front-to-Rear 02 Front-to-Front 06 Angle 07 Sideswipe-Same Direction 08 Sideswipe-Opposite Direction 09 Rear-to-Side 10 Rear-to-Rear 11 Other 98 Not Reported 99 Reported as Unknown,"This element identifies the orientation of two motor vehicles in-transport when they are involved in the FIRST HARMFUL EVENT of a collision crash. If the FIRST HARMFUL EVENT is not a collision between two motor vehicles in-transport, it is classified as such.",VERIFIED_SAS_NAME_AND_DEFINITION
CRSS,2024,person.csv,HARM_EV,candidate_feature,occupant_person,103,person.HARM_EV,"Accident.HARM_EV, Vehicle.HARM_EV, Person.HARM_EV, Parkwork.PHARM_EV",2 numeric,"Non-Collision Harmful Events: Codes Attributes 01 Rollover/Overturn 02 Fire/Explosion 03 Immersion or Partial Immersion 04 Gas Inhalation 51 Jackknife (harmful to this vehicle) 06 Injured in Vehicle (Non-Collision) 44 Pavement Surface Irregularity (Ruts, Potholes, Grates, etc.) 07 Other Non-Collision 16 Thrown or Falling Object 72 Cargo/Equipment Loss, Shift, or Damage (harmful) 05 Fell/Jumped from Vehicle Collision With Motor Vehicle In-Transport: Codes Attributes 12 Motor Vehicle In-Transport 54 Motor Vehicle In-Transport Strikes or is Struck by Cargo, Persons, or Objects Set in Motion from/by Another Motor Vehicle In-Transport 55 Motor Vehicle in Motion Outside the Trafficway Collision With Object Not Fixed: Codes Attributes 08 Pedestrian 09 Pedalcyclist 10 Railway Vehicle 74 Road Vehicle on Rails 11 Live Animal",,SAS_NAME_MATCH_REQUIRES_REVIEW
CRSS,2024,person.csv,MAN_COLL,candidate_feature,occupant_person,117,person.MAN_COLL,"Accident.MAN_COLL, Vehicle.MAN_COLL, Person.MAN_COLL, Parkwork.PMAN_COLL",2 numeric,Codes Attributes 00 The First Harmful Event was Not a Collision with a Motor Vehicle In-Transport 01 Front-to-Rear 02 Front-to-Front 06 Angle 07 Sideswipe-Same Direction 08 Sideswipe-Opposite Direction 09 Rear-to-Side 10 Rear-to-Rear 11 Other 98 Not Reported 99 Reported as Unknown,"This element identifies the orientation of two motor vehicles in-transport when they are involved in the FIRST HARMFUL EVENT of a collision crash. If the FIRST HARMFUL EVENT is not a collision between two motor vehicles in-transport, it is classified as such.",VERIFIED_SAS_NAME_AND_DEFINITION
CRSS,2024,person.csv,AGE,candidate_feature,occupant_person,513,person.AGE,Person.AGE,3 numeric,Codes Attributes 000 Less than One Year 001-120 Actual Age* 998 Not Reported 999 Reported as Unknown,This element identifies the person’s age in years on the date of the crash.,VERIFIED_SAS_NAME_AND_DEFINITION
CRSS,2024,person.csv,AGE,candidate_feature,occupant_person,617,person.AGE,Person.AGE,3 numeric,Codes Attributes -- Blank 000 Less than One Year 001-120 Actual Age* 998 Not Reported 999 Reported as Unknown,This element identifies the person’s age in years on the date of the crash.,VERIFIED_SAS_NAME_AND_DEFINITION
CRSS,2024,person.csv,SEX,candidate_feature,occupant_person,515,person.SEX,Person.SEX,1 numeric,Codes Attributes 1 Male 2 Female 8 Not Reported 9 Reported as Unknown,This element identifies the sex of the person involved in the crash.,VERIFIED_SAS_NAME_AND_DEFINITION
CRSS,2024,person.csv,SEX,candidate_feature,occupant_person,618,person.SEX,Person.SEX,1 numeric,Codes Attributes 1 Male 2 Female 8 Not Reported 9 Reported as Unknown,This element identifies the sex of the person involved in the crash.,VERIFIED_SAS_NAME_AND_DEFINITION
CRSS,2024,person.csv,INJ_SEV,candidate_target,occupant_person,519,person.INJ_SEV,Person.INJ_SEV,1 numeric,"Codes Attributes 0 No Apparent Injury (O) 1 Possible Injury (C) 2 Suspected Minor Injury (B) 3 Suspected Serious Injury (A) 4 Fatal Injury (K) 5 Injured, Severity Unknown 6 Died Prior to Crash* 9 Unknown/Not Reported",This element describes the severity of the injury to this person in the crash.,VERIFIED_SAS_NAME_AND_DEFINITION
CRSS,2024,person.csv,INJ_SEV,candidate_target,occupant_person,627,person.INJ_SEV,Person.INJ_SEV,1 numeric,"Codes Attributes 0 No Apparent Injury (O) 1 Possible Injury (C) 2 Suspected Minor Injury (B) 3 Suspected Serious Injury (A) 4 Fatal Injury (K) 5 Injured, Severity Unknown 6 Died Prior to Crash* 9 Unknown/Not Reported",This element describes the severity of the injury to this person in the crash.,VERIFIED_SAS_NAME_AND_DEFINITION
CRSS,2024,person.csv,SEAT_POS,candidate_feature,occupant_person,523,person.SEAT_POS,Person.SEAT_POS,2 numeric,"Codes Attributes 11 Front Seat, Left Side 12 Front Seat, Middle 13 Front Seat, Right Side 18 Front Seat, Other 19 Front Seat, Unknown 21 Second Seat, Left Side 22 Second Seat, Middle 23 Second Seat, Right Side 28 Second Seat, Other 29 Second Seat, Unknown 31 Third Seat, Left Side 32 Third Seat, Middle 33 Third Seat, Right Side 38 Third Seat, Other 39 Third Seat, Unknown 41 Fourth Seat, Left Side 42 Fourth Seat, Middle 43 Fourth Seat, Right Side 48 Fourth Seat, Other 49 Fourth Seat, Unknown 50 Sleeper Section of Cab (Truck) 51 Other Passenger in enclosed passenger or cargo area 52 Other Passenger in unenclosed passenger or cargo area 53 Other Passenger in passenger or cargo area, unknown whether or not enclosed 54 Trailing Unit 55 Riding on Exterior of Vehicle 56 Appended to a Motor Vehicle for Motion 98 Not Reported",,SAS_NAME_MATCH_REQUIRES_REVIEW
CRSS,2024,person.csv,REST_USE,candidate_feature,occupant_person,528,person.REST_USE,"Person.REST_USE, Person.REST_MIS",Subfield 1: 2 numeric; Subfield 2: 1 numeric,"Subfield 1—Type of Restraint System in Use Codes Attributes 20 None Used/Not Applicable 01 Shoulder Belt Only Used 02 Lap Belt Only Used 03 Shoulder and Lap Belt Used 04 Child Restraint - Type Unknown 06 Racing-Style Harness Used 08 Restraint Used - Type Unknown 10 Child Restraint System - Forward Facing 11 Child Restraint System - Rear Facing 12 Booster Seat 97 Other 98 Not Reported 99 Reported as Unknown Subfield 2—Indication of Restraint System Misuse? Codes Attributes 7 None Used/Not Applicable 0 No Indication of Misuse 1 Yes, Indication of Misuse",This element records the restraint equipment in use by the occupant and any indication of misuse of the available restraint system at the time of the crash.,VERIFIED_SAS_NAME_AND_DEFINITION
CRSS,2024,person.csv,REST_MIS,candidate_feature,occupant_person,528,person.REST_MIS,"Person.REST_USE, Person.REST_MIS",Subfield 1: 2 numeric; Subfield 2: 1 numeric,"Subfield 1—Type of Restraint System in Use Codes Attributes 20 None Used/Not Applicable 01 Shoulder Belt Only Used 02 Lap Belt Only Used 03 Shoulder and Lap Belt Used 04 Child Restraint - Type Unknown 06 Racing-Style Harness Used 08 Restraint Used - Type Unknown 10 Child Restraint System - Forward Facing 11 Child Restraint System - Rear Facing 12 Booster Seat 97 Other 98 Not Reported 99 Reported as Unknown Subfield 2—Indication of Restraint System Misuse? Codes Attributes 7 None Used/Not Applicable 0 No Indication of Misuse 1 Yes, Indication of Misuse",This element records the restraint equipment in use by the occupant and any indication of misuse of the available restraint system at the time of the crash.,VERIFIED_SAS_NAME_AND_DEFINITION
CRSS,2024,person.csv,HELM_USE,candidate_feature,occupant_person,533,person.HELM_USE,"Person.HELM_USE, Person.HELM_MIS",Subfield 1: 2 numeric; Subfield 2: 1 numeric,"Subfield 1—Helmet Use Codes Attributes 20 Not Applicable 17 No Helmet 05 DOT-Compliant Motorcycle Helmet 16 Helmet, Other than DOT-Compliant Motorcycle Helmet 19 Helmet, Unknown if DOT-Compliant 98 Not Reported 99 Reported as Unknown if Helmet Worn Subfield 2—Indication of Helmet Misuse? Codes Attributes 7 None Used/Not Applicable 0 No Indication of Misuse 1 Yes, Indication of Misuse","This element records the helmet use and any indications of misuse of the helmet by motor vehicle occupants of NCSA BODY TYPES 80-91, 96, and 97 at the time of the crash.",VERIFIED_SAS_NAME_AND_DEFINITION
CRSS,2024,person.csv,HELM_MIS,candidate_feature,occupant_person,533,person.HELM_MIS,"Person.HELM_USE, Person.HELM_MIS",Subfield 1: 2 numeric; Subfield 2: 1 numeric,"Subfield 1—Helmet Use Codes Attributes 20 Not Applicable 17 No Helmet 05 DOT-Compliant Motorcycle Helmet 16 Helmet, Other than DOT-Compliant Motorcycle Helmet 19 Helmet, Unknown if DOT-Compliant 98 Not Reported 99 Reported as Unknown if Helmet Worn Subfield 2—Indication of Helmet Misuse? Codes Attributes 7 None Used/Not Applicable 0 No Indication of Misuse 1 Yes, Indication of Misuse","This element records the helmet use and any indications of misuse of the helmet by motor vehicle occupants of NCSA BODY TYPES 80-91, 96, and 97 at the time of the crash.",VERIFIED_SAS_NAME_AND_DEFINITION
CRSS,2024,person.csv,AIR_BAG,candidate_feature,occupant_person,536,person.AIR_BAG,Person.AIR_BAG,2 numeric,"Codes Attributes 01 Deployed- Front 02 Deployed- Side (door, seatback) 03 Deployed- Curtain (roof) 07 Deployed- Other (knee, air belt, etc.) 08 Deployed- Combination 09 Deployment- Unknown Location 20 Not Deployed 98 Not Reported 99 Reported as Deployment Unknown",This element is used to record air bag deployment for this person as reported in the case materials.,VERIFIED_SAS_NAME_AND_DEFINITION
CRSS,2024,person.csv,EJECTION,candidate_feature,occupant_person,539,person.EJECTION,Person.EJECTION,1 numeric,Codes Attributes 0 Not Ejected 1 Totally Ejected 2 Partially Ejected 3 Ejected - Unknown Degree 7 Not Reported 8 Not Applicable 9 Reported as Unknown if Ejected,"This element describes the ejection status and degree of ejection for this person, excluding motorcycle occupants.",VERIFIED_SAS_NAME_AND_DEFINITION
CRSS,2024,person.csv,HOSPITAL,candidate_feature,occupant_person,595,person.HOSPITAL,Person.HOSPITAL,1 numeric,Codes Attributes 0 Not Transported for Treatment 1 EMS Air 5 EMS Ground 3 EMS Unknown Mode 2 Law Enforcement 4 Transported Unknown Source 6 Other 8 Not Reported 9 Reported as Unknown,This element identifies the method of transportation this person was provided to receive treatment or be evaluated for a possible injury at the first hospital or medical facility.,VERIFIED_SAS_NAME_AND_DEFINITION
CRSS,2024,person.csv,HOSPITAL,candidate_feature,occupant_person,660,person.HOSPITAL,Person.HOSPITAL,1 numeric,Codes Attributes 0 Not Transported for Treatment 1 EMS Air 5 EMS Ground 3 EMS Unknown Mode 2 Law Enforcement 4 Transported Unknown Source 6 Other 8 Not Reported 9 Reported as Unknown,This element identifies the method of transportation this person was provided to receive treatment at the first hospital or medical facility.,VERIFIED_SAS_NAME_AND_DEFINITION
CRSS,2024,person.csv,ROLLOVER,candidate_feature,occupant_person,269,person.ROLLOVER,"Vehicle.ROLLOVER, Person.ROLLOVER",1 numeric,Codes Attributes 0 No Rollover 3 Rollover 8 Not Applicable,This element identifies whether a rollover or overturn occurred during the crash involving this vehicle.,VERIFIED_SAS_NAME_AND_DEFINITION
CRSS,2024,person.csv,IMPACT1,candidate_feature,occupant_person,272,person.IMPACT1,"Vehicle.IMPACT1, Person.IMPACT1, Parkwork.PIMPACT1, Damage.DAMAGE","2 subfields: Subfield 1, 2 numeric; Subfield 2, Select All That Apply","Subfield 1: Areas of Impact—Initial Contact Point Codes Attributes 00 Non-Collision 01-12 Clock Points 13 Top 14 Undercarriage 61 Left 62 Left - Front Side 63 Left - Back Side 81 Right 82 Right - Front Side 83 Right - Back Side 18 Cargo/Vehicle Parts Set in Motion 19 Other Objects or Person Set in Motion 20 Object Set in Motion, Unknown if Cargo/Vehicle Parts or Other 98 Not Reported 99 Reported as Unknown Subfield 2: Damaged Areas Codes Attributes 01-12 Clock Values 13 Top 14 Undercarriage 15 No Damage 99 Damage Areas Unknown",,SAS_NAME_MATCH_REQUIRES_REVIEW
CRSS,2024,person.csv,FIRE_EXP,candidate_feature,occupant_person,318,person.FIRE_EXP,"Vehicle.FIRE_EXP, Person.FIRE_EXP, Parkwork.PFIRE",1 numeric,Codes Attributes 0 No or Not Reported 1 Yes,This element identifies whether or not a fire in any way related to the crash occurred in this vehicle.,VERIFIED_SAS_NAME_AND_DEFINITION
CRSS,2024,vehicle.csv,HARM_EV,candidate_feature,vehicle,103,vehicle.HARM_EV,"Accident.HARM_EV, Vehicle.HARM_EV, Person.HARM_EV, Parkwork.PHARM_EV",2 numeric,"Non-Collision Harmful Events: Codes Attributes 01 Rollover/Overturn 02 Fire/Explosion 03 Immersion or Partial Immersion 04 Gas Inhalation 51 Jackknife (harmful to this vehicle) 06 Injured in Vehicle (Non-Collision) 44 Pavement Surface Irregularity (Ruts, Potholes, Grates, etc.) 07 Other Non-Collision 16 Thrown or Falling Object 72 Cargo/Equipment Loss, Shift, or Damage (harmful) 05 Fell/Jumped from Vehicle Collision With Motor Vehicle In-Transport: Codes Attributes 12 Motor Vehicle In-Transport 54 Motor Vehicle In-Transport Strikes or is Struck by Cargo, Persons, or Objects Set in Motion from/by Another Motor Vehicle In-Transport 55 Motor Vehicle in Motion Outside the Trafficway Collision With Object Not Fixed: Codes Attributes 08 Pedestrian 09 Pedalcyclist 10 Railway Vehicle 74 Road Vehicle on Rails 11 Live Animal",,SAS_NAME_MATCH_REQUIRES_REVIEW
CRSS,2024,vehicle.csv,MAN_COLL,candidate_feature,vehicle,117,vehicle.MAN_COLL,"Accident.MAN_COLL, Vehicle.MAN_COLL, Person.MAN_COLL, Parkwork.PMAN_COLL",2 numeric,Codes Attributes 00 The First Harmful Event was Not a Collision with a Motor Vehicle In-Transport 01 Front-to-Rear 02 Front-to-Front 06 Angle 07 Sideswipe-Same Direction 08 Sideswipe-Opposite Direction 09 Rear-to-Side 10 Rear-to-Rear 11 Other 98 Not Reported 99 Reported as Unknown,"This element identifies the orientation of two motor vehicles in-transport when they are involved in the FIRST HARMFUL EVENT of a collision crash. If the FIRST HARMFUL EVENT is not a collision between two motor vehicles in-transport, it is classified as such.",VERIFIED_SAS_NAME_AND_DEFINITION
CRSS,2024,vehicle.csv,TRAV_SP,candidate_feature,vehicle,264,vehicle.TRAV_SP,Vehicle.TRAV_SP,3 numeric,Codes Attributes 000 Stopped Motor Vehicle In-Transport 001-151 Reported Speed up to 151 mph 997 Greater Than 151 mph 998 Not Reported 999 Reported as Unknown,This element records the speed the vehicle was traveling prior to the occurrence of the crash as reported by the investigating officer.,VERIFIED_SAS_NAME_AND_DEFINITION
CRSS,2024,vehicle.csv,ROLLOVER,candidate_feature,vehicle,269,vehicle.ROLLOVER,"Vehicle.ROLLOVER, Person.ROLLOVER",1 numeric,Codes Attributes 0 No Rollover 3 Rollover 8 Not Applicable,This element identifies whether a rollover or overturn occurred during the crash involving this vehicle.,VERIFIED_SAS_NAME_AND_DEFINITION
CRSS,2024,vehicle.csv,IMPACT1,candidate_feature,vehicle,272,vehicle.IMPACT1,"Vehicle.IMPACT1, Person.IMPACT1, Parkwork.PIMPACT1, Damage.DAMAGE","2 subfields: Subfield 1, 2 numeric; Subfield 2, Select All That Apply","Subfield 1: Areas of Impact—Initial Contact Point Codes Attributes 00 Non-Collision 01-12 Clock Points 13 Top 14 Undercarriage 61 Left 62 Left - Front Side 63 Left - Back Side 81 Right 82 Right - Front Side 83 Right - Back Side 18 Cargo/Vehicle Parts Set in Motion 19 Other Objects or Person Set in Motion 20 Object Set in Motion, Unknown if Cargo/Vehicle Parts or Other 98 Not Reported 99 Reported as Unknown Subfield 2: Damaged Areas Codes Attributes 01-12 Clock Values 13 Top 14 Undercarriage 15 No Damage 99 Damage Areas Unknown",,SAS_NAME_MATCH_REQUIRES_REVIEW
CRSS,2024,vehicle.csv,DEFORMED,candidate_feature,vehicle,281,vehicle.DEFORMED,"Vehicle.DEFORMED, Parkwork.PVEH_SEV",1 numeric,"Codes Attributes 0 No Damage 2 Minor Damage 4 Functional Damage 6 Disabling Damage 7 Damage Reported, Extent Unknown 8 Not Reported 9 Reported as Unknown",This element indicates the amount of damage sustained by this vehicle in this crash as indicated in the case materials based on an operational damage scale.,VERIFIED_SAS_NAME_AND_DEFINITION
CRSS,2024,vehicle.csv,FIRE_EXP,candidate_feature,vehicle,318,vehicle.FIRE_EXP,"Vehicle.FIRE_EXP, Person.FIRE_EXP, Parkwork.PFIRE",1 numeric,Codes Attributes 0 No or Not Reported 1 Yes,This element identifies whether or not a fire in any way related to the crash occurred in this vehicle.,VERIFIED_SAS_NAME_AND_DEFINITION
CRSS,2024,vehicle.csv,SPEEDREL,candidate_feature,vehicle,366,vehicle.SPEEDREL,Vehicle.SPEEDREL,1 numeric,"Codes Attributes 0 No 2 Yes, Racing 3 Yes, Exceeded Speed Limit 4 Yes, Too Fast for Conditions 5 Yes, Specifics Unknown 9 Reported as Unknown",This element identifies if the driver was speeding and it was related to the crash as identified by law enforcement.,VERIFIED_SAS_NAME_AND_DEFINITION
CRSS,2024,vehicle.csv,VTRAFWAY,candidate_feature,vehicle,423,vehicle.VTRAFWAY,Vehicle.VTRAFWAY,1 numeric,"Codes Attributes 0 Non-Trafficway or Driveway Access 1 Two-Way, Not Divided 2 Two-Way, Divided, Unprotected Median 3 Two-Way, Divided, Positive Median Barrier 5 Two-Way, Not Divided with a Continuous Left-Turn Lane 4 One-Way Trafficway 6 Entrance/Exit Ramp 7 Two-Way Divided, Unknown if Unprotected Median or Positive Median Barrier 8 Not Reported 9 Reported as Unknown",This element identifies the value indicated in the case materials that best describes the trafficway flow just prior to this vehicle’s CRITICAL PRECRASH EVENT.,VERIFIED_SAS_NAME_AND_DEFINITION
CRSS,2024,vehicle.csv,VNUM_LAN,candidate_feature,vehicle,426,vehicle.VNUM_LAN,Vehicle.VNUM_LAN,1 numeric,Codes Attributes 0 Non-Trafficway or Driveway Access 1 One Lane 2 Two Lanes 3 Three Lanes 4 Four Lanes 5 Five Lanes 6 Six Lanes 7 Seven or More Lanes 8 Not Reported 9 Reported as Unknown,This element identifies the value indicated in the case materials that best describes the number of roadway lanes just prior to this vehicle’s CRITICAL PRECRASH EVENT.,VERIFIED_SAS_NAME_AND_DEFINITION
CRSS,2024,vehicle.csv,VSPD_LIM,candidate_feature,vehicle,429,vehicle.VSPD_LIM,Vehicle.VSPD_LIM,2 numeric,Codes Attributes 00 No Statutory Limit/Non-Trafficway or Driveway Access 05-95 Actual Speed Limit (in 5 mph increments) 98 Not Reported 99 Reported as Unknown,This element identifies the value indicated in the case materials that best represents the speed limit just prior to this vehicle’s CRITICAL PRECRASH EVENT.,VERIFIED_SAS_NAME_AND_DEFINITION
CRSS,2024,vehicle.csv,VALIGN,candidate_feature,vehicle,431,vehicle.VALIGN,Vehicle.VALIGN,1 numeric,Codes Attributes 0 Non-Trafficway or Driveway Access 1 Straight 2 Curve - Right 3 Curve - Left 4 Curve - Unknown Direction 8 Not Reported 9 Reported as Unknown,This element identifies the value indicated in the case materials that best represents the roadway alignment prior to this vehicle’s CRITICAL PRECRASH EVENT.,VERIFIED_SAS_NAME_AND_DEFINITION
CRSS,2024,vehicle.csv,VPROFILE,candidate_feature,vehicle,433,vehicle.VPROFILE,Vehicle.VPROFILE,1 numeric,"Codes Attributes 0 Non-Trafficway or Driveway Access 1 Level 3 Hillcrest 5 Uphill 6 Downhill 2 Grade, Unknown Slope 4 Sag (Bottom) 8 Not Reported 9 Reported as Unknown",This element identifies the value indicated in the case materials that best represents the roadway grade prior to this vehicle’s CRITICAL PRECRASH EVENT.,VERIFIED_SAS_NAME_AND_DEFINITION
CRSS,2024,vehicle.csv,VSURCOND,candidate_feature,vehicle,437,vehicle.VSURCOND,Vehicle.VSURCOND,2 numeric,"Codes Attributes 00 Non-Trafficway or Driveway Access 01 Dry 02 Wet 03 Snow 10 Slush 04 Ice/Frost 06 Water (Standing, Moving) 05 Sand 11 Mud, Dirt, Gravel 07 Oil 08 Other 98 Not Reported 99 Reported as Unknown",This element identifies the value indicated in the case materials that best represents the roadway surface condition prior to this vehicle’s CRITICAL PRECRASH EVENT.,VERIFIED_SAS_NAME_AND_DEFINITION
CRSS,2024,vehicle.csv,VTRAFCON,candidate_feature,vehicle,440,vehicle.VTRAFCON,Vehicle.VTRAFCON,2 numeric,Codes Attributes 00 No Controls Traffic Signals Codes Attributes 01 Traffic Control Signal (on colors) without Pedestrian Signal 02 Traffic Control Signal (on colors) with Pedestrian Signal 03 Traffic Control Signal (on colors) not known whether or not Pedestrian Signal 07 Lane Use Control Signal 08 Other Highway Traffic Signal 09 Unknown Highway Traffic Signal 04 Flashing Traffic Control Signal Regulatory Signs Codes Attributes 20 Stop Sign 21 Yield Sign 28 Other Regulatory Sign 29 Unknown Regulatory Sign 23 School Zone Sign/Device Other Signs and Signals Codes Attributes 40 Warning Sign 65 Railway Crossing Device 50 Person 98 Other,,SAS_NAME_MATCH_REQUIRES_REVIEW
CRSS,2024,vehicle.csv,ACC_TYPE,candidate_feature,vehicle,483,vehicle.ACC_TYPE,Vehicle.ACC_TYPE,2 numeric,As assigned by the selection on the next screens Codes Attributes 00 No Impact 01-93 Crash Types 98 Other Crash Type 99 Unknown,This element describes the type of crash this in-transport vehicle was involved in based on the FIRST HARMFUL EVENT and the precrash circumstances.,VERIFIED_SAS_NAME_AND_DEFINITION
CRSS,2024,vision.csv,VISION,candidate_feature,environment,448,vision.VISION,Vision.VISION,2 numeric. Select All That Apply.,"Codes Attributes 00 No Obstruction Noted 01 Rain, Snow, Fog, Smoke, Sand, Dust 02 Reflected Glare, Bright Sunlight, Headlights 03 Curve, Hill, or Other Roadway Design Feature 04 Building, Billboard, Other Structure 05 Trees, Crops, Vegetation 06 In-Transport Motor Vehicle (including load) 07 Not In-Transport Motor Vehicle (parked/working) 08 Splash or Spray of Passing Vehicle 09 Inadequate Defrost or Defog System 10 Inadequate Vehicle Lighting System 11 Obstruction Interior to the Vehicle 12 External Mirrors 13 Broken or Improperly Cleaned Windshield 14 Obstructing Angles on Vehicle 95 No Driver Present/Unknown if Driver Present 97 Vision Obscured - No Details 98 Other Visual Obstruction 99 Reported as Unknown",This data element records impediments to a driver’s visual field that were noted in the case materials.,VERIFIED_SAS_NAME_AND_DEFINITION
CRSS,2024,weather.csv,WEATHER,candidate_feature,environment,142,weather.WEATHER,Weather.WEATHER,2 numeric. Select All That Apply.,"Codes Attributes 01 Clear 10 Cloudy 02 Rain 03 Sleet or Hail 12 Freezing Rain or Drizzle 04 Snow 11 Blowing Snow 05 Fog, Smog, Smoke 06 Severe Crosswinds 07 Blowing Sand, Soil, Dirt 08 Other 98 Not Reported 99 Reported as Unknown",This element identifies the prevailing atmospheric conditions that existed at the time of the crash as recorded on the police crash report.,VERIFIED_SAS_NAME_AND_DEFINITION
