dataset,year,table,variable,role,family,manual_page,semantic_anchor_score,format,sas_name,element_values,definition,verification_status
CRSS,2024,accident.csv,PEDS,candidate_feature,crash_context,67,3,2 numeric,Accident.PEDS,Codes Attributes 00-99 Actual Number,This element records the number of Person (Not a Motor Vehicle Occupant) Level forms that are applicable to this case.,DEFINITION_CONTEXT_FOUND
CRSS,2024,accident.csv,HARM_EV,candidate_feature,crash_context,103,3,2 numeric,"Accident.HARM_EV, Vehicle.HARM_EV, Person.HARM_EV, Parkwork.PHARM_EV","Non-Collision Harmful Events: Codes Attributes 01 Rollover/Overturn 02 Fire/Explosion 03 Immersion or Partial Immersion 04 Gas Inhalation 51 Jackknife (harmful to this vehicle) 06 Injured in Vehicle (Non-Collision) 44 Pavement Surface Irregularity (Ruts, Potholes, Grates, etc.) 07 Other Non-Collision 16 Thrown or Falling Object 72 Cargo/Equipment Loss, Shift, or Damage (harmful) 05 Fell/Jumped from Vehicle Collision With Motor Vehicle In-Transport: Codes Attributes 12 Motor Vehicle In-Transport 54 Motor Vehicle In-Transport Strikes or is Struck by Cargo, Persons, or Objects Set in Motion from/by Another Motor Vehicle In-Transport 55 Motor Vehicle in Motion Outside the Trafficway Collision With Object Not Fixed: Codes Attributes 08 Pedestrian 09 Pedalcyclist 10 Railway Vehicle 74 Road Vehicle on Rails 11 Live Animal",,STRUCTURED_PAGE_FOUND
CRSS,2024,accident.csv,MAN_COLL,candidate_feature,crash_context,117,3,2 numeric,"Accident.MAN_COLL, Vehicle.MAN_COLL, Person.MAN_COLL, Parkwork.PMAN_COLL",Codes Attributes 00 The First Harmful Event was Not a Collision with a Motor Vehicle In-Transport 01 Front-to-Rear 02 Front-to-Front 06 Angle 07 Sideswipe-Same Direction 08 Sideswipe-Opposite Direction 09 Rear-to-Side 10 Rear-to-Rear 11 Other 98 Not Reported 99 Reported as Unknown,"This element identifies the orientation of two motor vehicles in-transport when they are involved in the FIRST HARMFUL EVENT of a collision crash. If the FIRST HARMFUL EVENT is not a collision between two motor vehicles in-transport, it is classified as such.",DEFINITION_CONTEXT_FOUND
CRSS,2024,accident.csv,WEATHER,candidate_feature,crash_context,142,3,2 numeric. Select All That Apply.,Weather.WEATHER,"Codes Attributes 01 Clear 10 Cloudy 02 Rain 03 Sleet or Hail 12 Freezing Rain or Drizzle 04 Snow 11 Blowing Snow 05 Fog, Smog, Smoke 06 Severe Crosswinds 07 Blowing Sand, Soil, Dirt 08 Other 98 Not Reported 99 Reported as Unknown",This element identifies the prevailing atmospheric conditions that existed at the time of the crash as recorded on the police crash report.,DEFINITION_CONTEXT_FOUND
CRSS,2024,person.csv,HARM_EV,candidate_feature,occupant_person,103,3,2 numeric,"Accident.HARM_EV, Vehicle.HARM_EV, Person.HARM_EV, Parkwork.PHARM_EV","Non-Collision Harmful Events: Codes Attributes 01 Rollover/Overturn 02 Fire/Explosion 03 Immersion or Partial Immersion 04 Gas Inhalation 51 Jackknife (harmful to this vehicle) 06 Injured in Vehicle (Non-Collision) 44 Pavement Surface Irregularity (Ruts, Potholes, Grates, etc.) 07 Other Non-Collision 16 Thrown or Falling Object 72 Cargo/Equipment Loss, Shift, or Damage (harmful) 05 Fell/Jumped from Vehicle Collision With Motor Vehicle In-Transport: Codes Attributes 12 Motor Vehicle In-Transport 54 Motor Vehicle In-Transport Strikes or is Struck by Cargo, Persons, or Objects Set in Motion from/by Another Motor Vehicle In-Transport 55 Motor Vehicle in Motion Outside the Trafficway Collision With Object Not Fixed: Codes Attributes 08 Pedestrian 09 Pedalcyclist 10 Railway Vehicle 74 Road Vehicle on Rails 11 Live Animal",,STRUCTURED_PAGE_FOUND
CRSS,2024,person.csv,MAN_COLL,candidate_feature,occupant_person,117,3,2 numeric,"Accident.MAN_COLL, Vehicle.MAN_COLL, Person.MAN_COLL, Parkwork.PMAN_COLL",Codes Attributes 00 The First Harmful Event was Not a Collision with a Motor Vehicle In-Transport 01 Front-to-Rear 02 Front-to-Front 06 Angle 07 Sideswipe-Same Direction 08 Sideswipe-Opposite Direction 09 Rear-to-Side 10 Rear-to-Rear 11 Other 98 Not Reported 99 Reported as Unknown,"This element identifies the orientation of two motor vehicles in-transport when they are involved in the FIRST HARMFUL EVENT of a collision crash. If the FIRST HARMFUL EVENT is not a collision between two motor vehicles in-transport, it is classified as such.",DEFINITION_CONTEXT_FOUND
CRSS,2024,person.csv,AGE,candidate_feature,occupant_person,37,0,,,,"PC20 Attempted Avoidance Maneuver FARS, CRSS This element identifies movements/ actions taken by the driver within a critical crash envelope in response to a CRITICAL PRECRASH EVENT. PC21 Pre-Impact Stability FARS, CRSS This element assesses the stability of the vehicle after the critical event but before the impact. PC22 Pre-Impact Location FARS, CRSS This element assesses the location of the vehicle after the critical event and immediately before the First Harmful Event for this vehicle. PC23 Crash Type FARS, CRSS This element describes the type of crash this in-transport vehicle was involved in based on the FIRST HARMFUL EVENT and the precrash circumstances. Person (Motor Vehicle Occupant) Level Elements 2024 Element ID Element Name FARS, CRSS, Case Structure Definition P1 State Number FARS Only This element identifies the State in which the crash occurred. P2 Consecutive Number FARS Only This element identifies the unique case number assigned by the data entry system. P3 Vehicle Number—Person Level Case Structure This element identifies the vehicle number associated with this motor vehicle occupant. P4 Person Number Case Structure This element identifies a number for the motor vehicle occupant in consecutive order for the vehicle they occupied. P5 Age FARS, CRSS This element identifies the person’s age in years with respect to the person’s last birthday.",DEFINITION_CONTEXT_FOUND
CRSS,2024,person.csv,AGE,candidate_feature,occupant_person,41,0,,,,"NM1 State Number FARS Only This element identifies the State in which the crash occurred. NM2 Consecutive Number FARS Only This element identifies the unique case number assigned by the data entry system. NM3 Person Number Case Structure This element identifies a number for people that are not in a motor vehicle in consecutive order. NM4 Vehicle Number of Motor Vehicle Striking Non- Motorist FARS, CRSS This data element captures the in- transport vehicle that made contact with this non-motorist. NM5 Age FARS, CRSS This element identifies the person’s age in years with respect to the person’s last birthday. NM6 Sex FARS, CRSS This element identifies the sex of the person involved in the crash NM7 Person Type FARS, CRSS This element describes the role of this person involved in the crash. NM8 Non-Motorist Device Type FARS, CRSS This element describes the type of transport device operated by the non-motorist. NM9 Non-Motorist Device Motorization FARS, CRSS This element describes the motorization of the device operated by the non-motorist. NM10 Injury Severity FARS, CRSS This element describes the severity of the injury to this person in the crash. NM11 Pedestrian/Bike Typing FARS, CRSS This element describes the precrash actions leading to crashes between motor vehicles and pedestrians or bicyclists. NM11 – PB27 Marked Crosswalk Present—Pedestrian (see the companion Pedestrian/ Bicyclist Manual) FARS, CRSS This element identifies if a marked crosswalk was present at the crash site.",DEFINITION_CONTEXT_FOUND
CRSS,2024,person.csv,AGE,candidate_feature,occupant_person,513,3,3 numeric,Person.AGE,Codes Attributes 000 Less than One Year 001-120 Actual Age* 998 Not Reported 999 Reported as Unknown,This element identifies the person’s age in years on the date of the crash.,DEFINITION_CONTEXT_FOUND
CRSS,2024,person.csv,AGE,candidate_feature,occupant_person,536,3,2 numeric,Person.AIR_BAG,"Codes Attributes 01 Deployed- Front 02 Deployed- Side (door, seatback) 03 Deployed- Curtain (roof) 07 Deployed- Other (knee, air belt, etc.) 08 Deployed- Combination 09 Deployment- Unknown Location 20 Not Deployed 98 Not Reported 99 Reported as Deployment Unknown",This element is used to record air bag deployment for this person as reported in the case materials.,DEFINITION_CONTEXT_FOUND
CRSS,2024,person.csv,AGE,candidate_feature,occupant_person,617,3,3 numeric,Person.AGE,Codes Attributes -- Blank 000 Less than One Year 001-120 Actual Age* 998 Not Reported 999 Reported as Unknown,This element identifies the person’s age in years on the date of the crash.,DEFINITION_CONTEXT_FOUND
CRSS,2024,person.csv,SEX,candidate_feature,occupant_person,38,0,,,,"P6 Sex FARS, CRSS This element identifies the sex of the person involved in the crash. P7 Person Type FARS, CRSS This element describes the role of this person involved in the crash. P8 Injury Severity FARS, CRSS This element describes the severity of the injury to this person in the crash. P9 Seating Position FARS, CRSS This element identifies the location of this person in or on the vehicle. P10 Restraint System Use FARS, CRSS This element records the restraint equipment in use by the occupant and any indication of misuse of the available restraint system, at the time of the crash. P11 Helmet Use FARS, CRSS This element records the helmet use and any indications of misuse of the helmet by motor vehicle occupants of NCSA BODY TYPES 80-91, 96, and 97 at the time of the crash. P12 Air Bag Deployed FARS, CRSS This element is used to record air bag deployment for this person as reported in the case materials. P13 Ejection FARS, CRSS This element describes the ejection status and degree of ejection for this person, excluding motorcycle occupants. P14 Ejection Path FARS Only This element identifies the path by which this person was ejected from the vehicle. P15 Extrication FARS Only This element identifies if equipment was used to remove this person from the vehicle. P16 Police Reported Alcohol Involvement FARS, CRSS This data element reflects only the judgment of law enforcement as to whether alcohol was involved or not for this person.",DEFINITION_CONTEXT_FOUND
CRSS,2024,person.csv,SEX,candidate_feature,occupant_person,41,0,,,,"NM1 State Number FARS Only This element identifies the State in which the crash occurred. NM2 Consecutive Number FARS Only This element identifies the unique case number assigned by the data entry system. NM3 Person Number Case Structure This element identifies a number for people that are not in a motor vehicle in consecutive order. NM4 Vehicle Number of Motor Vehicle Striking Non- Motorist FARS, CRSS This data element captures the in- transport vehicle that made contact with this non-motorist. NM5 Age FARS, CRSS This element identifies the person’s age in years with respect to the person’s last birthday. NM6 Sex FARS, CRSS This element identifies the sex of the person involved in the crash NM7 Person Type FARS, CRSS This element describes the role of this person involved in the crash. NM8 Non-Motorist Device Type FARS, CRSS This element describes the type of transport device operated by the non-motorist. NM9 Non-Motorist Device Motorization FARS, CRSS This element describes the motorization of the device operated by the non-motorist. NM10 Injury Severity FARS, CRSS This element describes the severity of the injury to this person in the crash. NM11 Pedestrian/Bike Typing FARS, CRSS This element describes the precrash actions leading to crashes between motor vehicles and pedestrians or bicyclists. NM11 – PB27 Marked Crosswalk Present—Pedestrian (see the companion Pedestrian/ Bicyclist Manual) FARS, CRSS This element identifies if a marked crosswalk was present at the crash site.",DEFINITION_CONTEXT_FOUND
CRSS,2024,person.csv,SEX,candidate_feature,occupant_person,515,3,1 numeric,Person.SEX,Codes Attributes 1 Male 2 Female 8 Not Reported 9 Reported as Unknown,This element identifies the sex of the person involved in the crash.,DEFINITION_CONTEXT_FOUND
CRSS,2024,person.csv,SEX,candidate_feature,occupant_person,618,3,1 numeric,Person.SEX,Codes Attributes 1 Male 2 Female 8 Not Reported 9 Reported as Unknown,This element identifies the sex of the person involved in the crash.,DEFINITION_CONTEXT_FOUND
CRSS,2024,person.csv,INJ_SEV,candidate_target,occupant_person,519,3,1 numeric,Person.INJ_SEV,"Codes Attributes 0 No Apparent Injury (O) 1 Possible Injury (C) 2 Suspected Minor Injury (B) 3 Suspected Serious Injury (A) 4 Fatal Injury (K) 5 Injured, Severity Unknown 6 Died Prior to Crash* 9 Unknown/Not Reported",This element describes the severity of the injury to this person in the crash.,DEFINITION_CONTEXT_FOUND
CRSS,2024,person.csv,INJ_SEV,candidate_target,occupant_person,627,3,1 numeric,Person.INJ_SEV,"Codes Attributes 0 No Apparent Injury (O) 1 Possible Injury (C) 2 Suspected Minor Injury (B) 3 Suspected Serious Injury (A) 4 Fatal Injury (K) 5 Injured, Severity Unknown 6 Died Prior to Crash* 9 Unknown/Not Reported",This element describes the severity of the injury to this person in the crash.,DEFINITION_CONTEXT_FOUND
CRSS,2024,person.csv,SEAT_POS,candidate_feature,occupant_person,523,3,2 numeric,Person.SEAT_POS,"Codes Attributes 11 Front Seat, Left Side 12 Front Seat, Middle 13 Front Seat, Right Side 18 Front Seat, Other 19 Front Seat, Unknown 21 Second Seat, Left Side 22 Second Seat, Middle 23 Second Seat, Right Side 28 Second Seat, Other 29 Second Seat, Unknown 31 Third Seat, Left Side 32 Third Seat, Middle 33 Third Seat, Right Side 38 Third Seat, Other 39 Third Seat, Unknown 41 Fourth Seat, Left Side 42 Fourth Seat, Middle 43 Fourth Seat, Right Side 48 Fourth Seat, Other 49 Fourth Seat, Unknown 50 Sleeper Section of Cab (Truck) 51 Other Passenger in enclosed passenger or cargo area 52 Other Passenger in unenclosed passenger or cargo area 53 Other Passenger in passenger or cargo area, unknown whether or not enclosed 54 Trailing Unit 55 Riding on Exterior of Vehicle 56 Appended to a Motor Vehicle for Motion 98 Not Reported",,STRUCTURED_PAGE_FOUND
CRSS,2024,person.csv,REST_USE,candidate_feature,occupant_person,528,3,Subfield 1: 2 numeric; Subfield 2: 1 numeric,"Person.REST_USE, Person.REST_MIS","Subfield 1—Type of Restraint System in Use Codes Attributes 20 None Used/Not Applicable 01 Shoulder Belt Only Used 02 Lap Belt Only Used 03 Shoulder and Lap Belt Used 04 Child Restraint - Type Unknown 06 Racing-Style Harness Used 08 Restraint Used - Type Unknown 10 Child Restraint System - Forward Facing 11 Child Restraint System - Rear Facing 12 Booster Seat 97 Other 98 Not Reported 99 Reported as Unknown Subfield 2—Indication of Restraint System Misuse? Codes Attributes 7 None Used/Not Applicable 0 No Indication of Misuse 1 Yes, Indication of Misuse",This element records the restraint equipment in use by the occupant and any indication of misuse of the available restraint system at the time of the crash.,DEFINITION_CONTEXT_FOUND
CRSS,2024,person.csv,REST_MIS,candidate_feature,occupant_person,528,3,Subfield 1: 2 numeric; Subfield 2: 1 numeric,"Person.REST_USE, Person.REST_MIS","Subfield 1—Type of Restraint System in Use Codes Attributes 20 None Used/Not Applicable 01 Shoulder Belt Only Used 02 Lap Belt Only Used 03 Shoulder and Lap Belt Used 04 Child Restraint - Type Unknown 06 Racing-Style Harness Used 08 Restraint Used - Type Unknown 10 Child Restraint System - Forward Facing 11 Child Restraint System - Rear Facing 12 Booster Seat 97 Other 98 Not Reported 99 Reported as Unknown Subfield 2—Indication of Restraint System Misuse? Codes Attributes 7 None Used/Not Applicable 0 No Indication of Misuse 1 Yes, Indication of Misuse",This element records the restraint equipment in use by the occupant and any indication of misuse of the available restraint system at the time of the crash.,DEFINITION_CONTEXT_FOUND
CRSS,2024,person.csv,HELM_USE,candidate_feature,occupant_person,533,3,Subfield 1: 2 numeric; Subfield 2: 1 numeric,"Person.HELM_USE, Person.HELM_MIS","Subfield 1—Helmet Use Codes Attributes 20 Not Applicable 17 No Helmet 05 DOT-Compliant Motorcycle Helmet 16 Helmet, Other than DOT-Compliant Motorcycle Helmet 19 Helmet, Unknown if DOT-Compliant 98 Not Reported 99 Reported as Unknown if Helmet Worn Subfield 2—Indication of Helmet Misuse? Codes Attributes 7 None Used/Not Applicable 0 No Indication of Misuse 1 Yes, Indication of Misuse","This element records the helmet use and any indications of misuse of the helmet by motor vehicle occupants of NCSA BODY TYPES 80-91, 96, and 97 at the time of the crash.",DEFINITION_CONTEXT_FOUND
CRSS,2024,person.csv,HELM_MIS,candidate_feature,occupant_person,533,3,Subfield 1: 2 numeric; Subfield 2: 1 numeric,"Person.HELM_USE, Person.HELM_MIS","Subfield 1—Helmet Use Codes Attributes 20 Not Applicable 17 No Helmet 05 DOT-Compliant Motorcycle Helmet 16 Helmet, Other than DOT-Compliant Motorcycle Helmet 19 Helmet, Unknown if DOT-Compliant 98 Not Reported 99 Reported as Unknown if Helmet Worn Subfield 2—Indication of Helmet Misuse? Codes Attributes 7 None Used/Not Applicable 0 No Indication of Misuse 1 Yes, Indication of Misuse","This element records the helmet use and any indications of misuse of the helmet by motor vehicle occupants of NCSA BODY TYPES 80-91, 96, and 97 at the time of the crash.",DEFINITION_CONTEXT_FOUND
CRSS,2024,person.csv,AIR_BAG,candidate_feature,occupant_person,536,3,2 numeric,Person.AIR_BAG,"Codes Attributes 01 Deployed- Front 02 Deployed- Side (door, seatback) 03 Deployed- Curtain (roof) 07 Deployed- Other (knee, air belt, etc.) 08 Deployed- Combination 09 Deployment- Unknown Location 20 Not Deployed 98 Not Reported 99 Reported as Deployment Unknown",This element is used to record air bag deployment for this person as reported in the case materials.,DEFINITION_CONTEXT_FOUND
CRSS,2024,person.csv,EJECTION,candidate_feature,occupant_person,38,0,,,,"P6 Sex FARS, CRSS This element identifies the sex of the person involved in the crash. P7 Person Type FARS, CRSS This element describes the role of this person involved in the crash. P8 Injury Severity FARS, CRSS This element describes the severity of the injury to this person in the crash. P9 Seating Position FARS, CRSS This element identifies the location of this person in or on the vehicle. P10 Restraint System Use FARS, CRSS This element records the restraint equipment in use by the occupant and any indication of misuse of the available restraint system, at the time of the crash. P11 Helmet Use FARS, CRSS This element records the helmet use and any indications of misuse of the helmet by motor vehicle occupants of NCSA BODY TYPES 80-91, 96, and 97 at the time of the crash. P12 Air Bag Deployed FARS, CRSS This element is used to record air bag deployment for this person as reported in the case materials. P13 Ejection FARS, CRSS This element describes the ejection status and degree of ejection for this person, excluding motorcycle occupants. P14 Ejection Path FARS Only This element identifies the path by which this person was ejected from the vehicle. P15 Extrication FARS Only This element identifies if equipment was used to remove this person from the vehicle. P16 Police Reported Alcohol Involvement FARS, CRSS This data element reflects only the judgment of law enforcement as to whether alcohol was involved or not for this person.",DEFINITION_CONTEXT_FOUND
CRSS,2024,person.csv,EJECTION,candidate_feature,occupant_person,539,3,1 numeric,Person.EJECTION,Codes Attributes 0 Not Ejected 1 Totally Ejected 2 Partially Ejected 3 Ejected - Unknown Degree 7 Not Reported 8 Not Applicable 9 Reported as Unknown if Ejected,"This element describes the ejection status and degree of ejection for this person, excluding motorcycle occupants.",DEFINITION_CONTEXT_FOUND
CRSS,2024,person.csv,EJECTION,candidate_feature,occupant_person,541,3,1 numeric,Person.EJ_PATH,"Codes Attributes 0 Ejection Path Not Applicable 1 Through Side Door Opening 2 Through Side Window 3 Through Windshield 4 Through Back Window 5 Through Back Door/Tailgate Opening 6 Through Roof Opening (sun-roof, convertible top down) 7 Through Roof (convertible top up) 8 Other Path (e.g., back of pick-up truck) 9 Ejection Path Unknown",This element identifies the path by which this person was ejected from the vehicle.,DEFINITION_CONTEXT_FOUND
CRSS,2024,person.csv,HOSPITAL,candidate_feature,occupant_person,40,1,,,,"Quantity from a confirmatory toxicology test. P20 Transported to First Medical Facility By FARS, CRSS This element identifies the method of transportation this person was provided to receive treatment at the first hospital or medical facility. P21 Died at Scene/En route FARS Only This element identifies if this person died at the scene of the crash or en route to a hospital or treatment facility. P22 Death Date FARS Only This element records the month, day, and year of this person’s death. P23 Death Time FARS Only This element identifies the hour and minute of this person’s death using the 24-hour clock format. P24 Related Factors—Person (MV Occupant) Level FARS, CRSS This element identifies factors related to motor vehicle occupants other than drivers expressed in the case materials. SP1 Death Certificate Number FARS Only This element identifies the four-digit GSA code for the city where the death occurred, the two-digit State number and the six-digit sequence number from the death certificate as assigned by the State Vital Statistics or Vital Records Department. SP2 Fatal Injury at Work FARS Only This element indicates if the death certificate identified this person as being “at work” at the time of the crash. SP3 Race/Hispanic Origin FARS Only This element indicates the race and Hispanic origin of this person from the death certificate.",DEFINITION_CONTEXT_FOUND
CRSS,2024,person.csv,HOSPITAL,candidate_feature,occupant_person,46,1,,,,"for the drug identified in Subfield 4—Drug Test Result. NM21 (5c) Unit of Measure FARS Only This subfield records the unit of measure for the quantity of the drug coded in Subfield 5b—Drug Quantity from a confirmatory toxicology test. NM22 Transported to First Medical Facility By FARS, CRSS This element identifies the method of transportation this person was provided to receive treatment at the first hospital or medical facility. NM23 Died at Scene/En Route FARS Only This element identifies if this person died at the scene of the crash or en route to a hospital or treatment facility. NM24 Death Date FARS Only This element records the month, day, and year of this person’s death. NM25 Death Time FARS Only This element identifies the hour and minute of this person’s death using the 24-hour clock format. NM26 Related Factors—Person (Not a MV Occupant) Level FARS, CRSS This element identifies factors related to people not in a motor vehicle expressed in the case materials. SP1 Death Certificate Number FARS Only This element identifies the four-digit GSA code for the city where the death occurred, the two-digit State number and the six-digit sequence number from the death certificate as assigned by the State Vital Statistics or Vital Records Department. SP2 Fatal Injury at Work FARS Only This element indicates if the death certificate identified this person as being “at work” at the time of the crash. SP3 Race/Hispanic Origin FARS Only This element indicates the race and Hispanic origin of this person from the death certificate.",DEFINITION_CONTEXT_FOUND
CRSS,2024,person.csv,HOSPITAL,candidate_feature,occupant_person,148,3,4 numeric,"Accident.NOT_HOUR, Accident.NOT_MIN",Codes Attributes 8888 Not Applicable (Not Notified) 0000-2359 Valid Military Times 0099-2399 Known Hours but Unknown Minutes 9998 Unknown if Notified 9999 Unknown EMS Notification Time,NOTIFICATION TIME EMS is the time the first Emergency Medical Services (EMS) unit to arrive on the scene was notified.,DEFINITION_CONTEXT_FOUND
CRSS,2024,person.csv,HOSPITAL,candidate_feature,occupant_person,152,3,4 numeric,"Accident.ARR_HOUR, Accident.ARR_MIN",Codes Attributes 8888 Not Applicable (Not Notified) 0000-2359 Valid Military Times 0099-2399 Known Hours but Unknown Minutes 9997 Officially Canceled 9998 Unknown if Arrived 9999 Unknown EMS Scene Arrival Time,ARRIVAL TIME EMS is the time the first EMS unit to arrive on the scene arrived on the crash scene.,DEFINITION_CONTEXT_FOUND
CRSS,2024,person.csv,HOSPITAL,candidate_feature,occupant_person,154,3,4 numeric,"Accident.HOSP_HR, Accident.HOSP_MN",Codes Attributes 8888 Not Applicable (Not Transported) 0000-2359 Valid Military Times 0099-2399 Known Hours but Unknown Minutes 9996 Terminated Transport 9997 Officially Canceled 9998 Unknown if Transported 9999 Unknown EMS Hospital Arrival Time,"EMS TIME AT HOSPITAL is the time Emergency Medical Services arrived at the treatment facility (hospital, clinic, trauma center, etc.) to which it was transporting the most severely injured victim of the crash.",DEFINITION_CONTEXT_FOUND
CRSS,2024,person.csv,HOSPITAL,candidate_feature,occupant_person,261,3,1 numeric,"Vehicle.EMER_USE, Person.EMER_USE, Parkwork.PEM_USE","Codes Attributes 0 Not Applicable 2 Non-Emergency, Non-Transport 3 Non-Emergency Transport 4 Emergency Operation, Emergency Warning Equipment Not in Use 5 Emergency Operation, Emergency Warning Equipment in Use 6 Emergency Operation, Emergency Warning Equipment in Use Unknown 8 Not Reported 9 Reported as Unknown",EMERGENCY MOTOR VEHICLE USE indicates operation of any motor vehicle that is legally authorized by a government authority to respond to emergencies while actually engaged in such response. These vehicles can respond with or without the use of emergency warning equipment.,DEFINITION_CONTEXT_FOUND
CRSS,2024,person.csv,HOSPITAL,candidate_feature,occupant_person,595,3,1 numeric,Person.HOSPITAL,Codes Attributes 0 Not Transported for Treatment 1 EMS Air 5 EMS Ground 3 EMS Unknown Mode 2 Law Enforcement 4 Transported Unknown Source 6 Other 8 Not Reported 9 Reported as Unknown,This element identifies the method of transportation this person was provided to receive treatment or be evaluated for a possible injury at the first hospital or medical facility.,DEFINITION_CONTEXT_FOUND
CRSS,2024,person.csv,HOSPITAL,candidate_feature,occupant_person,598,3,1 numeric,Person.DOA,Codes Attributes 0 Not Applicable 7 Died at Scene 8 Died En Route 9 Unknown,This element identifies if this person died at the scene of the crash or en route to a hospital or treatment facility.,DEFINITION_CONTEXT_FOUND
CRSS,2024,person.csv,HOSPITAL,candidate_feature,occupant_person,660,3,1 numeric,Person.HOSPITAL,Codes Attributes 0 Not Transported for Treatment 1 EMS Air 5 EMS Ground 3 EMS Unknown Mode 2 Law Enforcement 4 Transported Unknown Source 6 Other 8 Not Reported 9 Reported as Unknown,This element identifies the method of transportation this person was provided to receive treatment at the first hospital or medical facility.,DEFINITION_CONTEXT_FOUND
CRSS,2024,person.csv,HOSPITAL,candidate_feature,occupant_person,661,3,1 numeric,Person.DOA,Codes Attributes 0 Not Applicable 7 Died at Scene 8 Died En Route 9 Unknown,This element identifies if this person died at the scene of the crash or en route to a hospital or treatment facility.,DEFINITION_CONTEXT_FOUND
CRSS,2024,person.csv,ROLLOVER,candidate_feature,occupant_person,29,0,,,,"V31 Vehicle Underride/Override FARS, CRSS This element indicates whether this vehicle experienced an underride or override with another vehicle during the crash. V32 Rollover FARS, CRSS This element identifies whether a rollover or overturn occurred during the crash involving this vehicle. V33 Location of Rollover FARS, CRSS This element identifies the location of the trip point or start of the vehicle’s roll. V34 (1) Areas of Impact—Initial Contact Point FARS, CRSS This subfield identifies the area on this vehicle that produced the first instance of injury to non-motorists or occupants of this vehicle, or that resulted in the first instance of damage to other property or to this vehicle. V34 (2) Areas of Impact— Damaged Areas FARS, CRSS This subfield identifies all the areas on this vehicle that were damaged in the crash as reflected in the case materials. V35 Extent of Damage FARS, CRSS This element indicates the amount of damage sustained by this vehicle in this crash as indicated in the case materials based on an operational damage scale. V36 Vehicle Towed FARS, CRSS This data element identifies whether the vehicle was towed from the scene of the crash. V37 Sequence of Events FARS, CRSS The events in sequence related to this motor vehicle regardless of injury and/or property damage. Code each event for this vehicle in the order in which they occur, timewise, from the police crash report narrative and diagram. V38 Most Harmful Event FARS, CRSS This element identifies the event that resulted in the most severe injury or, if no injury, the greatest property",DEFINITION_CONTEXT_FOUND
CRSS,2024,person.csv,ROLLOVER,candidate_feature,occupant_person,103,3,2 numeric,"Accident.HARM_EV, Vehicle.HARM_EV, Person.HARM_EV, Parkwork.PHARM_EV","Non-Collision Harmful Events: Codes Attributes 01 Rollover/Overturn 02 Fire/Explosion 03 Immersion or Partial Immersion 04 Gas Inhalation 51 Jackknife (harmful to this vehicle) 06 Injured in Vehicle (Non-Collision) 44 Pavement Surface Irregularity (Ruts, Potholes, Grates, etc.) 07 Other Non-Collision 16 Thrown or Falling Object 72 Cargo/Equipment Loss, Shift, or Damage (harmful) 05 Fell/Jumped from Vehicle Collision With Motor Vehicle In-Transport: Codes Attributes 12 Motor Vehicle In-Transport 54 Motor Vehicle In-Transport Strikes or is Struck by Cargo, Persons, or Objects Set in Motion from/by Another Motor Vehicle In-Transport 55 Motor Vehicle in Motion Outside the Trafficway Collision With Object Not Fixed: Codes Attributes 08 Pedestrian 09 Pedalcyclist 10 Railway Vehicle 74 Road Vehicle on Rails 11 Live Animal",,STRUCTURED_PAGE_FOUND
CRSS,2024,person.csv,ROLLOVER,candidate_feature,occupant_person,202,0,,,,"of an ROV. 108 (Motorhome) is used when it is known the vehicle is a motor home. This includes light vehicle-based motor homes (chassis mounted), medium/heavy vehicle-based motor homes, and campers or motor homes with unknown GVWR. 109 (Motorcycle - Cross Country) Cross-country motorcycles are used for cross-country racing. 110 (Motorcycle - Underbone) is a motorcycle that uses structural tube framing with an overlay of plastic or non-structural body panels and contrasts with monocoque or unibody designs where pressed steel serves both as the vehicle's structure and bodywork. 111 (Step Van / Walk-in Van) refers to a multi-stop delivery vehicle. Examples are the Grumman LLV used by the U.S. Postal Service or the Aeromate manufactured by Utilimaster Motor Corporation. 113 (Off-road Vehicle - Motocross (Off-road short-distance, closed track racing)) Motocross is a form of off-road motorcycle racing held on enclosed off-road circuits. 114 (Motorcycle - Competition) the classification simply designates these motorcycles as being used in some sort of racing or competition. 117 (Limousine) A limousine is a luxury vehicle typically driven by a chauffeur with a partition between the driver’s compartment and the passenger’s compartment. Stretch limos, limo buses (also known as party buses), sedan limos, SUV limos, convertible limos, and all other types of limos would also be coded as 117 (Limousine). 119 (Sport Utility Truck (SUT)) General Motors labels several of its vehicles as SUTs. These vehicles include Cadillac Escalade, Chevrolet Avalanche, Hummer Pickup Truck. The common features of these vehicles are that they are pickup truck-based sport utility vehicles with four doors and pickup truck beds. 124 (Off-road Vehicle - Golf Cart) is a motor vehicle that is designed and manufactured for operation on a golf course for sporting or recreational purposes. Golf carts or golf cars are different from code 004 (Low speed vehicle (LSV)/Neighborhood Electric Vehicle (NEV)) in that if they are manufactured to go less than 20 mph, they are not subject to the Federal Motor Vehicle Safety Standard (FMVSS) 500. Thus, golf carts will not have a 17-digit VIN. Golf carts will have a nonstandard serial number that may be reported in the case materials. Also, typically golf carts will not have safety features required of LSVs/NEVs under the FMVSS like safety belts, headlights, turn signal and tail lamps, rearview mirrors, etc., but may if made to be street legal. 125 (Motorcycle - Unknown Body Class) Use this code if you are unable to determine the specific type of Motorcycle (i.e., one of the other motorcycle attributes).",DEFINITION_CONTEXT_FOUND
CRSS,2024,person.csv,ROLLOVER,candidate_feature,occupant_person,224,1,,,,"of an ROV. 97 (Other Vehicle Type) is used when the motorized vehicle in question does not qualify for 93 (Construction equipment other than trucks), 92 (Farm equipment other than trucks), or 91 (Snowmobile). Examples of Other Vehicle Types are forklifts, city street sweepers, go-karts, “kit” cars, riding lawn mowers, etc. Not Reported and Unknown Body Types 98 (Not Reported) Code Not Reported only when NCSA MAKE, NCSA MODEL, NCSA BODY TYPE, and VEHICLE MODEL YEAR are ALL Not Reported. If you have partial information, see 99 (Unknown Body Type). If a State’s crash report manual instructs to leave blank data blocks that are not applicable, then a blank in those data blocks is NOT considered “Not Reported.” Code 98 (Not Reported) in these two situations. 1. No field or coding block exists on the State’s crash report to provide the information to code this element, AND no other information is available to code the element (e.g., narrative, diagram, case materials). 2. A field or coding block exists on the State’s crash report that would provide the information needed to code this element, but it has been left blank, OR a code has been selected on the State’s crash report that does not map to any FARS/CRSS attribute, AND",DEFINITION_CONTEXT_FOUND
CRSS,2024,person.csv,ROLLOVER,candidate_feature,occupant_person,269,3,1 numeric,"Vehicle.ROLLOVER, Person.ROLLOVER",Codes Attributes 0 No Rollover 3 Rollover 8 Not Applicable,This element identifies whether a rollover or overturn occurred during the crash involving this vehicle.,DEFINITION_CONTEXT_FOUND
CRSS,2024,person.csv,ROLLOVER,candidate_feature,occupant_person,270,3,1 numeric,Vehicle.ROLINLOC,Codes Attributes 0 No Rollover 1 On Roadway 2 On Shoulder 3 On Median/Separator 4 In Gore 5 On Roadside 6 Outside of Trafficway 7 In Parking Lane/Zone 8 Not Applicable 9 Unknown,This element identifies the location of the trip point or start of the vehicle’s roll.,DEFINITION_CONTEXT_FOUND
CRSS,2024,person.csv,ROLLOVER,candidate_feature,occupant_person,285,3,Read Only,"Cevent.SOE, Vevent.SOE","Non-Harmful Events: Codes Attributes 61 Equipment Failure (blown tire, brake failure, etc.) 62 Separation of Units 63 Ran Off Roadway - Right 64 Ran Off Roadway - Left 79 Ran off Roadway - Direction Unknown 71 End Departure 65 Cross Median 68 Cross Centerline 66 Downhill Runaway 67 Vehicle Went Airborne 69 Re-entering Roadway 70 Non-harmful, Swaying Trailer/Jackknife 60 Cargo/Equipment Loss or Shift (non-harmful) Non-Collision Harmful Events: Codes Attributes 01 Rollover/Overturn 02 Fire/Explosion 03 Immersion or Partial Immersion 04 Gas Inhalation 51 Jackknife (harmful to this vehicle) 06 Injured in Vehicle (Non-Collision) 44 Pavement Surface Irregularity (Ruts, Potholes, Grates, etc.) 07 Other Non-Collision 72 Cargo/Equipment Loss, Shift, or Damage (harmful) 16 Thrown or Falling Object",,STRUCTURED_PAGE_FOUND
CRSS,2024,person.csv,ROLLOVER,candidate_feature,occupant_person,303,3,2 numeric,"Vehicle.M_HARM, Parkwork.PM_HARM","Non-Collision Most Harmful Events: Codes Attributes 01 Rollover/Overturn 02 Fire/Explosion 03 Immersion or Partial Immersion 04 Gas Inhalation 51 Jackknife (harmful to this vehicle) 06 Injured in Vehicle (Non-Collision) 44 Pavement Surface Irregularity (Ruts, Potholes, Grates, etc.) 07 Other Non-Collision 16 Thrown or Falling Object 72 Cargo/Equipment Loss, Shift, or Damage (harmful) 05 Fell/Jumped from Vehicle Collision With Motor Vehicle In-Transport: Codes Attributes 12 Motor Vehicle In-Transport 54 Motor Vehicle In-Transport Strikes or is Struck by Cargo, Persons, or Objects Set in Motion from/by Another Motor Vehicle In-Transport 55 Motor Vehicle in Motion Outside the Trafficway Collision With Object Not Fixed: Codes Attributes 08 Pedestrian 09 Pedalcyclist 10 Railway Vehicle 74 Road Vehicle on Rails 11 Live Animal",,STRUCTURED_PAGE_FOUND
CRSS,2024,person.csv,ROLLOVER,candidate_feature,occupant_person,483,3,2 numeric,Vehicle.ACC_TYPE,As assigned by the selection on the next screens Codes Attributes 00 No Impact 01-93 Crash Types 98 Other Crash Type 99 Unknown,This element describes the type of crash this in-transport vehicle was involved in based on the FIRST HARMFUL EVENT and the precrash circumstances.,DEFINITION_CONTEXT_FOUND
CRSS,2024,person.csv,IMPACT1,candidate_feature,occupant_person,272,3,"2 subfields: Subfield 1, 2 numeric; Subfield 2, Select All That Apply","Vehicle.IMPACT1, Person.IMPACT1, Parkwork.PIMPACT1, Damage.DAMAGE","Subfield 1: Areas of Impact—Initial Contact Point Codes Attributes 00 Non-Collision 01-12 Clock Points 13 Top 14 Undercarriage 61 Left 62 Left - Front Side 63 Left - Back Side 81 Right 82 Right - Front Side 83 Right - Back Side 18 Cargo/Vehicle Parts Set in Motion 19 Other Objects or Person Set in Motion 20 Object Set in Motion, Unknown if Cargo/Vehicle Parts or Other 98 Not Reported 99 Reported as Unknown Subfield 2: Damaged Areas Codes Attributes 01-12 Clock Values 13 Top 14 Undercarriage 15 No Damage 99 Damage Areas Unknown",,STRUCTURED_PAGE_FOUND
CRSS,2024,person.csv,FIRE_EXP,candidate_feature,occupant_person,318,3,1 numeric,"Vehicle.FIRE_EXP, Person.FIRE_EXP, Parkwork.PFIRE",Codes Attributes 0 No or Not Reported 1 Yes,This element identifies whether or not a fire in any way related to the crash occurred in this vehicle.,DEFINITION_CONTEXT_FOUND
CRSS,2024,vehicle.csv,HARM_EV,candidate_feature,vehicle,103,3,2 numeric,"Accident.HARM_EV, Vehicle.HARM_EV, Person.HARM_EV, Parkwork.PHARM_EV","Non-Collision Harmful Events: Codes Attributes 01 Rollover/Overturn 02 Fire/Explosion 03 Immersion or Partial Immersion 04 Gas Inhalation 51 Jackknife (harmful to this vehicle) 06 Injured in Vehicle (Non-Collision) 44 Pavement Surface Irregularity (Ruts, Potholes, Grates, etc.) 07 Other Non-Collision 16 Thrown or Falling Object 72 Cargo/Equipment Loss, Shift, or Damage (harmful) 05 Fell/Jumped from Vehicle Collision With Motor Vehicle In-Transport: Codes Attributes 12 Motor Vehicle In-Transport 54 Motor Vehicle In-Transport Strikes or is Struck by Cargo, Persons, or Objects Set in Motion from/by Another Motor Vehicle In-Transport 55 Motor Vehicle in Motion Outside the Trafficway Collision With Object Not Fixed: Codes Attributes 08 Pedestrian 09 Pedalcyclist 10 Railway Vehicle 74 Road Vehicle on Rails 11 Live Animal",,STRUCTURED_PAGE_FOUND
CRSS,2024,vehicle.csv,MAN_COLL,candidate_feature,vehicle,117,3,2 numeric,"Accident.MAN_COLL, Vehicle.MAN_COLL, Person.MAN_COLL, Parkwork.PMAN_COLL",Codes Attributes 00 The First Harmful Event was Not a Collision with a Motor Vehicle In-Transport 01 Front-to-Rear 02 Front-to-Front 06 Angle 07 Sideswipe-Same Direction 08 Sideswipe-Opposite Direction 09 Rear-to-Side 10 Rear-to-Rear 11 Other 98 Not Reported 99 Reported as Unknown,"This element identifies the orientation of two motor vehicles in-transport when they are involved in the FIRST HARMFUL EVENT of a collision crash. If the FIRST HARMFUL EVENT is not a collision between two motor vehicles in-transport, it is classified as such.",DEFINITION_CONTEXT_FOUND
CRSS,2024,vehicle.csv,TRAV_SP,candidate_feature,vehicle,264,3,3 numeric,Vehicle.TRAV_SP,Codes Attributes 000 Stopped Motor Vehicle In-Transport 001-151 Reported Speed up to 151 mph 997 Greater Than 151 mph 998 Not Reported 999 Reported as Unknown,This element records the speed the vehicle was traveling prior to the occurrence of the crash as reported by the investigating officer.,DEFINITION_CONTEXT_FOUND
CRSS,2024,vehicle.csv,ROLLOVER,candidate_feature,vehicle,29,0,,,,"V31 Vehicle Underride/Override FARS, CRSS This element indicates whether this vehicle experienced an underride or override with another vehicle during the crash. V32 Rollover FARS, CRSS This element identifies whether a rollover or overturn occurred during the crash involving this vehicle. V33 Location of Rollover FARS, CRSS This element identifies the location of the trip point or start of the vehicle’s roll. V34 (1) Areas of Impact—Initial Contact Point FARS, CRSS This subfield identifies the area on this vehicle that produced the first instance of injury to non-motorists or occupants of this vehicle, or that resulted in the first instance of damage to other property or to this vehicle. V34 (2) Areas of Impact— Damaged Areas FARS, CRSS This subfield identifies all the areas on this vehicle that were damaged in the crash as reflected in the case materials. V35 Extent of Damage FARS, CRSS This element indicates the amount of damage sustained by this vehicle in this crash as indicated in the case materials based on an operational damage scale. V36 Vehicle Towed FARS, CRSS This data element identifies whether the vehicle was towed from the scene of the crash. V37 Sequence of Events FARS, CRSS The events in sequence related to this motor vehicle regardless of injury and/or property damage. Code each event for this vehicle in the order in which they occur, timewise, from the police crash report narrative and diagram. V38 Most Harmful Event FARS, CRSS This element identifies the event that resulted in the most severe injury or, if no injury, the greatest property",DEFINITION_CONTEXT_FOUND
CRSS,2024,vehicle.csv,ROLLOVER,candidate_feature,vehicle,103,3,2 numeric,"Accident.HARM_EV, Vehicle.HARM_EV, Person.HARM_EV, Parkwork.PHARM_EV","Non-Collision Harmful Events: Codes Attributes 01 Rollover/Overturn 02 Fire/Explosion 03 Immersion or Partial Immersion 04 Gas Inhalation 51 Jackknife (harmful to this vehicle) 06 Injured in Vehicle (Non-Collision) 44 Pavement Surface Irregularity (Ruts, Potholes, Grates, etc.) 07 Other Non-Collision 16 Thrown or Falling Object 72 Cargo/Equipment Loss, Shift, or Damage (harmful) 05 Fell/Jumped from Vehicle Collision With Motor Vehicle In-Transport: Codes Attributes 12 Motor Vehicle In-Transport 54 Motor Vehicle In-Transport Strikes or is Struck by Cargo, Persons, or Objects Set in Motion from/by Another Motor Vehicle In-Transport 55 Motor Vehicle in Motion Outside the Trafficway Collision With Object Not Fixed: Codes Attributes 08 Pedestrian 09 Pedalcyclist 10 Railway Vehicle 74 Road Vehicle on Rails 11 Live Animal",,STRUCTURED_PAGE_FOUND
CRSS,2024,vehicle.csv,ROLLOVER,candidate_feature,vehicle,202,0,,,,"of an ROV. 108 (Motorhome) is used when it is known the vehicle is a motor home. This includes light vehicle-based motor homes (chassis mounted), medium/heavy vehicle-based motor homes, and campers or motor homes with unknown GVWR. 109 (Motorcycle - Cross Country) Cross-country motorcycles are used for cross-country racing. 110 (Motorcycle - Underbone) is a motorcycle that uses structural tube framing with an overlay of plastic or non-structural body panels and contrasts with monocoque or unibody designs where pressed steel serves both as the vehicle's structure and bodywork. 111 (Step Van / Walk-in Van) refers to a multi-stop delivery vehicle. Examples are the Grumman LLV used by the U.S. Postal Service or the Aeromate manufactured by Utilimaster Motor Corporation. 113 (Off-road Vehicle - Motocross (Off-road short-distance, closed track racing)) Motocross is a form of off-road motorcycle racing held on enclosed off-road circuits. 114 (Motorcycle - Competition) the classification simply designates these motorcycles as being used in some sort of racing or competition. 117 (Limousine) A limousine is a luxury vehicle typically driven by a chauffeur with a partition between the driver’s compartment and the passenger’s compartment. Stretch limos, limo buses (also known as party buses), sedan limos, SUV limos, convertible limos, and all other types of limos would also be coded as 117 (Limousine). 119 (Sport Utility Truck (SUT)) General Motors labels several of its vehicles as SUTs. These vehicles include Cadillac Escalade, Chevrolet Avalanche, Hummer Pickup Truck. The common features of these vehicles are that they are pickup truck-based sport utility vehicles with four doors and pickup truck beds. 124 (Off-road Vehicle - Golf Cart) is a motor vehicle that is designed and manufactured for operation on a golf course for sporting or recreational purposes. Golf carts or golf cars are different from code 004 (Low speed vehicle (LSV)/Neighborhood Electric Vehicle (NEV)) in that if they are manufactured to go less than 20 mph, they are not subject to the Federal Motor Vehicle Safety Standard (FMVSS) 500. Thus, golf carts will not have a 17-digit VIN. Golf carts will have a nonstandard serial number that may be reported in the case materials. Also, typically golf carts will not have safety features required of LSVs/NEVs under the FMVSS like safety belts, headlights, turn signal and tail lamps, rearview mirrors, etc., but may if made to be street legal. 125 (Motorcycle - Unknown Body Class) Use this code if you are unable to determine the specific type of Motorcycle (i.e., one of the other motorcycle attributes).",DEFINITION_CONTEXT_FOUND
CRSS,2024,vehicle.csv,ROLLOVER,candidate_feature,vehicle,224,1,,,,"of an ROV. 97 (Other Vehicle Type) is used when the motorized vehicle in question does not qualify for 93 (Construction equipment other than trucks), 92 (Farm equipment other than trucks), or 91 (Snowmobile). Examples of Other Vehicle Types are forklifts, city street sweepers, go-karts, “kit” cars, riding lawn mowers, etc. Not Reported and Unknown Body Types 98 (Not Reported) Code Not Reported only when NCSA MAKE, NCSA MODEL, NCSA BODY TYPE, and VEHICLE MODEL YEAR are ALL Not Reported. If you have partial information, see 99 (Unknown Body Type). If a State’s crash report manual instructs to leave blank data blocks that are not applicable, then a blank in those data blocks is NOT considered “Not Reported.” Code 98 (Not Reported) in these two situations. 1. No field or coding block exists on the State’s crash report to provide the information to code this element, AND no other information is available to code the element (e.g., narrative, diagram, case materials). 2. A field or coding block exists on the State’s crash report that would provide the information needed to code this element, but it has been left blank, OR a code has been selected on the State’s crash report that does not map to any FARS/CRSS attribute, AND",DEFINITION_CONTEXT_FOUND
CRSS,2024,vehicle.csv,ROLLOVER,candidate_feature,vehicle,269,3,1 numeric,"Vehicle.ROLLOVER, Person.ROLLOVER",Codes Attributes 0 No Rollover 3 Rollover 8 Not Applicable,This element identifies whether a rollover or overturn occurred during the crash involving this vehicle.,DEFINITION_CONTEXT_FOUND
CRSS,2024,vehicle.csv,ROLLOVER,candidate_feature,vehicle,270,3,1 numeric,Vehicle.ROLINLOC,Codes Attributes 0 No Rollover 1 On Roadway 2 On Shoulder 3 On Median/Separator 4 In Gore 5 On Roadside 6 Outside of Trafficway 7 In Parking Lane/Zone 8 Not Applicable 9 Unknown,This element identifies the location of the trip point or start of the vehicle’s roll.,DEFINITION_CONTEXT_FOUND
CRSS,2024,vehicle.csv,ROLLOVER,candidate_feature,vehicle,285,3,Read Only,"Cevent.SOE, Vevent.SOE","Non-Harmful Events: Codes Attributes 61 Equipment Failure (blown tire, brake failure, etc.) 62 Separation of Units 63 Ran Off Roadway - Right 64 Ran Off Roadway - Left 79 Ran off Roadway - Direction Unknown 71 End Departure 65 Cross Median 68 Cross Centerline 66 Downhill Runaway 67 Vehicle Went Airborne 69 Re-entering Roadway 70 Non-harmful, Swaying Trailer/Jackknife 60 Cargo/Equipment Loss or Shift (non-harmful) Non-Collision Harmful Events: Codes Attributes 01 Rollover/Overturn 02 Fire/Explosion 03 Immersion or Partial Immersion 04 Gas Inhalation 51 Jackknife (harmful to this vehicle) 06 Injured in Vehicle (Non-Collision) 44 Pavement Surface Irregularity (Ruts, Potholes, Grates, etc.) 07 Other Non-Collision 72 Cargo/Equipment Loss, Shift, or Damage (harmful) 16 Thrown or Falling Object",,STRUCTURED_PAGE_FOUND
CRSS,2024,vehicle.csv,ROLLOVER,candidate_feature,vehicle,303,3,2 numeric,"Vehicle.M_HARM, Parkwork.PM_HARM","Non-Collision Most Harmful Events: Codes Attributes 01 Rollover/Overturn 02 Fire/Explosion 03 Immersion or Partial Immersion 04 Gas Inhalation 51 Jackknife (harmful to this vehicle) 06 Injured in Vehicle (Non-Collision) 44 Pavement Surface Irregularity (Ruts, Potholes, Grates, etc.) 07 Other Non-Collision 16 Thrown or Falling Object 72 Cargo/Equipment Loss, Shift, or Damage (harmful) 05 Fell/Jumped from Vehicle Collision With Motor Vehicle In-Transport: Codes Attributes 12 Motor Vehicle In-Transport 54 Motor Vehicle In-Transport Strikes or is Struck by Cargo, Persons, or Objects Set in Motion from/by Another Motor Vehicle In-Transport 55 Motor Vehicle in Motion Outside the Trafficway Collision With Object Not Fixed: Codes Attributes 08 Pedestrian 09 Pedalcyclist 10 Railway Vehicle 74 Road Vehicle on Rails 11 Live Animal",,STRUCTURED_PAGE_FOUND
CRSS,2024,vehicle.csv,ROLLOVER,candidate_feature,vehicle,483,3,2 numeric,Vehicle.ACC_TYPE,As assigned by the selection on the next screens Codes Attributes 00 No Impact 01-93 Crash Types 98 Other Crash Type 99 Unknown,This element describes the type of crash this in-transport vehicle was involved in based on the FIRST HARMFUL EVENT and the precrash circumstances.,DEFINITION_CONTEXT_FOUND
CRSS,2024,vehicle.csv,IMPACT1,candidate_feature,vehicle,272,3,"2 subfields: Subfield 1, 2 numeric; Subfield 2, Select All That Apply","Vehicle.IMPACT1, Person.IMPACT1, Parkwork.PIMPACT1, Damage.DAMAGE","Subfield 1: Areas of Impact—Initial Contact Point Codes Attributes 00 Non-Collision 01-12 Clock Points 13 Top 14 Undercarriage 61 Left 62 Left - Front Side 63 Left - Back Side 81 Right 82 Right - Front Side 83 Right - Back Side 18 Cargo/Vehicle Parts Set in Motion 19 Other Objects or Person Set in Motion 20 Object Set in Motion, Unknown if Cargo/Vehicle Parts or Other 98 Not Reported 99 Reported as Unknown Subfield 2: Damaged Areas Codes Attributes 01-12 Clock Values 13 Top 14 Undercarriage 15 No Damage 99 Damage Areas Unknown",,STRUCTURED_PAGE_FOUND
CRSS,2024,vehicle.csv,DEFORMED,candidate_feature,vehicle,281,3,1 numeric,"Vehicle.DEFORMED, Parkwork.PVEH_SEV","Codes Attributes 0 No Damage 2 Minor Damage 4 Functional Damage 6 Disabling Damage 7 Damage Reported, Extent Unknown 8 Not Reported 9 Reported as Unknown",This element indicates the amount of damage sustained by this vehicle in this crash as indicated in the case materials based on an operational damage scale.,DEFINITION_CONTEXT_FOUND
CRSS,2024,vehicle.csv,FIRE_EXP,candidate_feature,vehicle,318,3,1 numeric,"Vehicle.FIRE_EXP, Person.FIRE_EXP, Parkwork.PFIRE",Codes Attributes 0 No or Not Reported 1 Yes,This element identifies whether or not a fire in any way related to the crash occurred in this vehicle.,DEFINITION_CONTEXT_FOUND
CRSS,2024,vehicle.csv,SPEEDREL,candidate_feature,vehicle,366,3,1 numeric,Vehicle.SPEEDREL,"Codes Attributes 0 No 2 Yes, Racing 3 Yes, Exceeded Speed Limit 4 Yes, Too Fast for Conditions 5 Yes, Specifics Unknown 9 Reported as Unknown",This element identifies if the driver was speeding and it was related to the crash as identified by law enforcement.,DEFINITION_CONTEXT_FOUND
CRSS,2024,vehicle.csv,VTRAFWAY,candidate_feature,vehicle,423,3,1 numeric,Vehicle.VTRAFWAY,"Codes Attributes 0 Non-Trafficway or Driveway Access 1 Two-Way, Not Divided 2 Two-Way, Divided, Unprotected Median 3 Two-Way, Divided, Positive Median Barrier 5 Two-Way, Not Divided with a Continuous Left-Turn Lane 4 One-Way Trafficway 6 Entrance/Exit Ramp 7 Two-Way Divided, Unknown if Unprotected Median or Positive Median Barrier 8 Not Reported 9 Reported as Unknown",This element identifies the value indicated in the case materials that best describes the trafficway flow just prior to this vehicle’s CRITICAL PRECRASH EVENT.,DEFINITION_CONTEXT_FOUND
CRSS,2024,vehicle.csv,VNUM_LAN,candidate_feature,vehicle,426,3,1 numeric,Vehicle.VNUM_LAN,Codes Attributes 0 Non-Trafficway or Driveway Access 1 One Lane 2 Two Lanes 3 Three Lanes 4 Four Lanes 5 Five Lanes 6 Six Lanes 7 Seven or More Lanes 8 Not Reported 9 Reported as Unknown,This element identifies the value indicated in the case materials that best describes the number of roadway lanes just prior to this vehicle’s CRITICAL PRECRASH EVENT.,DEFINITION_CONTEXT_FOUND
CRSS,2024,vehicle.csv,VSPD_LIM,candidate_feature,vehicle,429,3,2 numeric,Vehicle.VSPD_LIM,Codes Attributes 00 No Statutory Limit/Non-Trafficway or Driveway Access 05-95 Actual Speed Limit (in 5 mph increments) 98 Not Reported 99 Reported as Unknown,This element identifies the value indicated in the case materials that best represents the speed limit just prior to this vehicle’s CRITICAL PRECRASH EVENT.,DEFINITION_CONTEXT_FOUND
CRSS,2024,vehicle.csv,VALIGN,candidate_feature,vehicle,431,3,1 numeric,Vehicle.VALIGN,Codes Attributes 0 Non-Trafficway or Driveway Access 1 Straight 2 Curve - Right 3 Curve - Left 4 Curve - Unknown Direction 8 Not Reported 9 Reported as Unknown,This element identifies the value indicated in the case materials that best represents the roadway alignment prior to this vehicle’s CRITICAL PRECRASH EVENT.,DEFINITION_CONTEXT_FOUND
CRSS,2024,vehicle.csv,VPROFILE,candidate_feature,vehicle,433,3,1 numeric,Vehicle.VPROFILE,"Codes Attributes 0 Non-Trafficway or Driveway Access 1 Level 3 Hillcrest 5 Uphill 6 Downhill 2 Grade, Unknown Slope 4 Sag (Bottom) 8 Not Reported 9 Reported as Unknown",This element identifies the value indicated in the case materials that best represents the roadway grade prior to this vehicle’s CRITICAL PRECRASH EVENT.,DEFINITION_CONTEXT_FOUND
CRSS,2024,vehicle.csv,VSURCOND,candidate_feature,vehicle,437,3,2 numeric,Vehicle.VSURCOND,"Codes Attributes 00 Non-Trafficway or Driveway Access 01 Dry 02 Wet 03 Snow 10 Slush 04 Ice/Frost 06 Water (Standing, Moving) 05 Sand 11 Mud, Dirt, Gravel 07 Oil 08 Other 98 Not Reported 99 Reported as Unknown",This element identifies the value indicated in the case materials that best represents the roadway surface condition prior to this vehicle’s CRITICAL PRECRASH EVENT.,DEFINITION_CONTEXT_FOUND
CRSS,2024,vehicle.csv,VTRAFCON,candidate_feature,vehicle,440,3,2 numeric,Vehicle.VTRAFCON,Codes Attributes 00 No Controls Traffic Signals Codes Attributes 01 Traffic Control Signal (on colors) without Pedestrian Signal 02 Traffic Control Signal (on colors) with Pedestrian Signal 03 Traffic Control Signal (on colors) not known whether or not Pedestrian Signal 07 Lane Use Control Signal 08 Other Highway Traffic Signal 09 Unknown Highway Traffic Signal 04 Flashing Traffic Control Signal Regulatory Signs Codes Attributes 20 Stop Sign 21 Yield Sign 28 Other Regulatory Sign 29 Unknown Regulatory Sign 23 School Zone Sign/Device Other Signs and Signals Codes Attributes 40 Warning Sign 65 Railway Crossing Device 50 Person 98 Other,,STRUCTURED_PAGE_FOUND
CRSS,2024,vehicle.csv,ACC_TYPE,candidate_feature,vehicle,483,3,2 numeric,Vehicle.ACC_TYPE,As assigned by the selection on the next screens Codes Attributes 00 No Impact 01-93 Crash Types 98 Other Crash Type 99 Unknown,This element describes the type of crash this in-transport vehicle was involved in based on the FIRST HARMFUL EVENT and the precrash circumstances.,DEFINITION_CONTEXT_FOUND
CRSS,2024,vision.csv,VISION,candidate_feature,environment,35,0,,,,"PC8 Roadway Alignment FARS, CRSS This element identifies the value indicated in the case materials that best represents the roadway alignment prior to this vehicle’s critical precrash event. PC9 Roadway Grade FARS, CRSS This element identifies the value indicated in the case materials that best represents the roadway grade prior to this vehicle’s critical precrash event. PC10 Roadway Surface Type FARS Only This element identifies the value indicated in the case materials that best represents the roadway surface type prior to this vehicle’s critical precrash event. PC11 Roadway Surface Conditions FARS, CRSS This element identifies the value indicated in the case materials that best represents the roadway surface condition prior to this vehicle’s critical precrash event. PC12 Traffic Control Device FARS, CRSS This element identifies the sign or signal indicated in the case materials that best describes the traffic controls in the vehicle’s environment just prior to this vehicle’s critical precrash event. PC13 Device Functioning FARS, CRSS This element identifies the functionality of the traffic control device recorded for this vehicle in the element Traffic Control Device. PC14 Driver’s Vision Obscured By FARS, CRSS This data element records impediments to a driver’s visual field that were noted in the case materials. PC15 Driver Maneuvered to Avoid FARS, CRSS This data element identifies the thing(s) the driver attempted to avoid while the vehicle was on the road portion of the trafficway just",DEFINITION_CONTEXT_FOUND
CRSS,2024,vision.csv,VISION,candidate_feature,environment,368,3,2 numeric. Select All That Apply,Drimpair.DRIMPAIR,"Codes Attributes 00 None/Apparently Normal 01 Ill, Blackout 02 Asleep or Fatigued 03 Walking with a Cane or Crutches, etc. 04 Paraplegic or in a Wheelchair 05 Impaired Due to Previous Injury 06 Deaf/Hard of Hearing 07 Blind/Low Vision 08 Emotional (depressed, angry, disturbed, etc.) 09 Under the Influence of Alcohol, Drugs or Medication 10 Physical Impairment - No Details 96 Other Physical Impairment 98 Not Reported 99 Reported as Unknown if Impaired",This element identifies physical impairments to this driver or non-motorist that may have contributed to the cause of the crash as identified by law enforcement.,DEFINITION_CONTEXT_FOUND
CRSS,2024,vision.csv,VISION,candidate_feature,environment,448,3,2 numeric. Select All That Apply.,Vision.VISION,"Codes Attributes 00 No Obstruction Noted 01 Rain, Snow, Fog, Smoke, Sand, Dust 02 Reflected Glare, Bright Sunlight, Headlights 03 Curve, Hill, or Other Roadway Design Feature 04 Building, Billboard, Other Structure 05 Trees, Crops, Vegetation 06 In-Transport Motor Vehicle (including load) 07 Not In-Transport Motor Vehicle (parked/working) 08 Splash or Spray of Passing Vehicle 09 Inadequate Defrost or Defog System 10 Inadequate Vehicle Lighting System 11 Obstruction Interior to the Vehicle 12 External Mirrors 13 Broken or Improperly Cleaned Windshield 14 Obstructing Angles on Vehicle 95 No Driver Present/Unknown if Driver Present 97 Vision Obscured - No Details 98 Other Visual Obstruction 99 Reported as Unknown",This data element records impediments to a driver’s visual field that were noted in the case materials.,DEFINITION_CONTEXT_FOUND
CRSS,2024,vision.csv,VISION,candidate_feature,environment,638,0,,,,This element describes the action(s) and/or circumstances of the non-motorist that law enforcement indicated may have contributed to the crash.,DEFINITION_CONTEXT_FOUND
CRSS,2024,vision.csv,VISION,candidate_feature,environment,651,3,2 numeric. Select All That Apply.,Nmimpair.NMIMPAIR,"Codes Attributes 00 None/Apparently Normal 01 Ill, Blackout 02 Asleep or Fatigued 03 Walking with a Cane or Crutches, etc. 04 Paraplegic or in a Wheelchair 05 Impaired Due to Previous Injury 06 Deaf/Hard of Hearing 07 Blind/Low Vision 08 Emotional (Depressed, Angry, Disturbed, etc.) 09 Under the Influence of Alcohol, Drugs, or Medication 10 Physical Impairment - No Details 96 Other Physical Impairment 98 Not Reported 99 Reported as Unknown if Impaired",This element attempts to identify any physical impairment to this non-motorist that may have contributed to the cause of the crash.,DEFINITION_CONTEXT_FOUND
CRSS,2024,vision.csv,VISION,candidate_feature,environment,664,3,3 numeric. Select All That Apply.,PersonRF.PERSONRF,"Codes Attributes 000 None Noted *008 Person with an Intellectual, Cognitive, or Developmental Disability 009 Construction/Maintenance/Utility Worker 010 Alcohol and/or Drug Test Refused 013 Motorized Wheelchair Rider *018 Mother of Dead Fetus/ Mother of Infant Born Post Crash *021 Overloading or Improper Loading of Vehicle with Passengers or Cargo *026 Following Improperly *037 Traveling on Prohibited Trafficways *040 Passing Through or Around Barrier *041 Failure to Observe Warnings or Instructions on Vehicles Displaying Them *042 Failure to Signal Intentions *051 Operator Inexperience *052 Unfamiliar with Roadway 053 Non-Motorist Previously Used a Motor Vehicle for Motion 054 Non-Motorist Attempting to Use a Motor Vehicle for Motion 055 Non-Motorist Attempting to Use or Previously Used a Motor Vehicle for Motion, Details Not Reported 056 Non-Motorist Flees Scene *057 Improper Tire Pressure 100 Using a Shared Micromobility Device Vision Obscured By: Codes Attributes *060 Rain, Snow, Fog, Smoke, Sand, Dust *061 Reflected Glare, Bright Sunlight, Headlights *062 Curve, Hill, or Other Design Features (including traffic signs, embankment) *063 Building, Billboard, Other Structures",,STRUCTURED_PAGE_FOUND
CRSS,2024,weather.csv,WEATHER,candidate_feature,environment,142,3,2 numeric. Select All That Apply.,Weather.WEATHER,"Codes Attributes 01 Clear 10 Cloudy 02 Rain 03 Sleet or Hail 12 Freezing Rain or Drizzle 04 Snow 11 Blowing Snow 05 Fog, Smog, Smoke 06 Severe Crosswinds 07 Blowing Sand, Soil, Dirt 08 Other 98 Not Reported 99 Reported as Unknown",This element identifies the prevailing atmospheric conditions that existed at the time of the crash as recorded on the police crash report.,DEFINITION_CONTEXT_FOUND
