scenario_id,metric,value
C01_SPEED_SENSOR_SPOOFING,records,9000
C01_SPEED_SENSOR_SPOOFING,timesteps,600
C01_SPEED_SENSOR_SPOOFING,windows,589
C01_SPEED_SENSOR_SPOOFING,measured_windows,120
C01_SPEED_SENSOR_SPOOFING,feature_build_mean_ms,14413.824099999905
C01_SPEED_SENSOR_SPOOFING,feature_build_median_ms,14010.91550000001
C01_SPEED_SENSOR_SPOOFING,feature_build_p95_ms,15139.314079999758
C01_SPEED_SENSOR_SPOOFING,feature_build_p99_ms,15239.616175999736
C01_SPEED_SENSOR_SPOOFING,window_build_mean_ms,0.8375333333484983
C01_SPEED_SENSOR_SPOOFING,window_build_median_ms,0.7798999999977241
C01_SPEED_SENSOR_SPOOFING,window_build_p95_ms,0.9980599999380502
C01_SPEED_SENSOR_SPOOFING,window_build_p99_ms,1.0174519999327458
C01_SPEED_SENSOR_SPOOFING,feature_window_mean_ms,14414.661633333255
C01_SPEED_SENSOR_SPOOFING,feature_window_p95_ms,15140.055669999856
C01_SPEED_SENSOR_SPOOFING,feature_window_p99_ms,15240.332813999848
C01_SPEED_SENSOR_SPOOFING,transformer_mean_ms,1.3640641666787208
C01_SPEED_SENSOR_SPOOFING,transformer_median_ms,1.3825000000906584
C01_SPEED_SENSOR_SPOOFING,transformer_p95_ms,2.633519999972122
C01_SPEED_SENSOR_SPOOFING,transformer_p99_ms,3.8300909998542934
C01_SPEED_SENSOR_SPOOFING,prediction_end_to_end_mean_ms,1.4972416666751087
C01_SPEED_SENSOR_SPOOFING,prediction_end_to_end_median_ms,1.4505999997709296
C01_SPEED_SENSOR_SPOOFING,prediction_end_to_end_p95_ms,2.746619999948052
C01_SPEED_SENSOR_SPOOFING,prediction_end_to_end_p99_ms,4.00205299989466
C01_SPEED_SENSOR_SPOOFING,prediction_end_to_end_min_ms,0.8926000000428758
C01_SPEED_SENSOR_SPOOFING,prediction_end_to_end_max_ms,14.924399999927118
C01_SPEED_SENSOR_SPOOFING,prediction_end_to_end_std_ms,1.3341585220921768
C01_SPEED_SENSOR_SPOOFING,y3_mean,0.31444672619303066
C01_SPEED_SENSOR_SPOOFING,y6_mean,0.9527447854479154
C01_SPEED_SENSOR_SPOOFING,cpu_only,True
C01_SPEED_SENSOR_SPOOFING,laboratory_only,True
C01_SPEED_SENSOR_SPOOFING,direct_actuation,False
C01_SPEED_SENSOR_SPOOFING,model_retraining,False
C02_BRAKE_ACCELERATOR_ATTACK,records,9000
C02_BRAKE_ACCELERATOR_ATTACK,timesteps,600
C02_BRAKE_ACCELERATOR_ATTACK,windows,589
C02_BRAKE_ACCELERATOR_ATTACK,measured_windows,120
C02_BRAKE_ACCELERATOR_ATTACK,feature_build_mean_ms,14246.299833333222
C02_BRAKE_ACCELERATOR_ATTACK,feature_build_median_ms,14193.654899999729
C02_BRAKE_ACCELERATOR_ATTACK,feature_build_p95_ms,14408.069459999933
C02_BRAKE_ACCELERATOR_ATTACK,feature_build_p99_ms,14427.128531999952
C02_BRAKE_ACCELERATOR_ATTACK,window_build_mean_ms,0.7439000000886153
C02_BRAKE_ACCELERATOR_ATTACK,window_build_median_ms,0.7673000000067987
C02_BRAKE_ACCELERATOR_ATTACK,window_build_p95_ms,0.7708100001309504
C02_BRAKE_ACCELERATOR_ATTACK,window_build_p99_ms,0.7711220001419861
C02_BRAKE_ACCELERATOR_ATTACK,feature_window_mean_ms,14247.04373333331
C02_BRAKE_ACCELERATOR_ATTACK,feature_window_p95_ms,14408.77046000005
C02_BRAKE_ACCELERATOR_ATTACK,feature_window_p99_ms,14427.823292000066
C02_BRAKE_ACCELERATOR_ATTACK,transformer_mean_ms,1.2379399999948266
C02_BRAKE_ACCELERATOR_ATTACK,transformer_median_ms,1.3850500001808541
C02_BRAKE_ACCELERATOR_ATTACK,transformer_p95_ms,1.6555600000174309
C02_BRAKE_ACCELERATOR_ATTACK,transformer_p99_ms,1.8356720000156201
C02_BRAKE_ACCELERATOR_ATTACK,prediction_end_to_end_mean_ms,1.2900533333360424
C02_BRAKE_ACCELERATOR_ATTACK,prediction_end_to_end_median_ms,1.4457999998285231
C02_BRAKE_ACCELERATOR_ATTACK,prediction_end_to_end_p95_ms,1.7223949998196986
C02_BRAKE_ACCELERATOR_ATTACK,prediction_end_to_end_p99_ms,1.9142860000101791
C02_BRAKE_ACCELERATOR_ATTACK,prediction_end_to_end_min_ms,0.767099999848142
C02_BRAKE_ACCELERATOR_ATTACK,prediction_end_to_end_max_ms,1.998600000206352
C02_BRAKE_ACCELERATOR_ATTACK,prediction_end_to_end_std_ms,0.31796873770931816
C02_BRAKE_ACCELERATOR_ATTACK,y3_mean,0.31444672619303066
C02_BRAKE_ACCELERATOR_ATTACK,y6_mean,0.9527447854479154
C02_BRAKE_ACCELERATOR_ATTACK,cpu_only,True
C02_BRAKE_ACCELERATOR_ATTACK,laboratory_only,True
C02_BRAKE_ACCELERATOR_ATTACK,direct_actuation,False
C02_BRAKE_ACCELERATOR_ATTACK,model_retraining,False
C03_TORQUE_DYNAMICS_ATTACK,records,9000
C03_TORQUE_DYNAMICS_ATTACK,timesteps,600
C03_TORQUE_DYNAMICS_ATTACK,windows,589
C03_TORQUE_DYNAMICS_ATTACK,measured_windows,120
C03_TORQUE_DYNAMICS_ATTACK,feature_build_mean_ms,17341.811166666655
C03_TORQUE_DYNAMICS_ATTACK,feature_build_median_ms,14141.34409999997
C03_TORQUE_DYNAMICS_ATTACK,feature_build_p95_ms,22853.92271000023
C03_TORQUE_DYNAMICS_ATTACK,feature_build_p99_ms,23628.374142000255
C03_TORQUE_DYNAMICS_ATTACK,window_build_mean_ms,0.7634333334560021
C03_TORQUE_DYNAMICS_ATTACK,window_build_median_ms,0.7706999999754771
C03_TORQUE_DYNAMICS_ATTACK,window_build_p95_ms,0.7853700003579434
C03_TORQUE_DYNAMICS_ATTACK,window_build_p99_ms,0.7866740003919404
C03_TORQUE_DYNAMICS_ATTACK,feature_window_mean_ms,17342.57460000011
C03_TORQUE_DYNAMICS_ATTACK,feature_window_p95_ms,22854.69504000025
C03_TORQUE_DYNAMICS_ATTACK,feature_window_p99_ms,23629.14516800024
C03_TORQUE_DYNAMICS_ATTACK,transformer_mean_ms,1.7551541666913788
C03_TORQUE_DYNAMICS_ATTACK,transformer_median_ms,1.5558000000055472
C03_TORQUE_DYNAMICS_ATTACK,transformer_p95_ms,2.606835000278806
C03_TORQUE_DYNAMICS_ATTACK,transformer_p99_ms,3.681711000281212
C03_TORQUE_DYNAMICS_ATTACK,prediction_end_to_end_mean_ms,1.8313049999809057
C03_TORQUE_DYNAMICS_ATTACK,prediction_end_to_end_median_ms,1.6255500001989276
C03_TORQUE_DYNAMICS_ATTACK,prediction_end_to_end_p95_ms,2.766879999740013
C03_TORQUE_DYNAMICS_ATTACK,prediction_end_to_end_p99_ms,3.7833379998846794
C03_TORQUE_DYNAMICS_ATTACK,prediction_end_to_end_min_ms,0.7985000002008746
C03_TORQUE_DYNAMICS_ATTACK,prediction_end_to_end_max_ms,4.532599999947706
C03_TORQUE_DYNAMICS_ATTACK,prediction_end_to_end_std_ms,0.5670526721014949
C03_TORQUE_DYNAMICS_ATTACK,y3_mean,0.31444672619303066
C03_TORQUE_DYNAMICS_ATTACK,y6_mean,0.9527447854479154
C03_TORQUE_DYNAMICS_ATTACK,cpu_only,True
C03_TORQUE_DYNAMICS_ATTACK,laboratory_only,True
C03_TORQUE_DYNAMICS_ATTACK,direct_actuation,False
C03_TORQUE_DYNAMICS_ATTACK,model_retraining,False
C04_HV_POWER_ATTACK,records,9000
C04_HV_POWER_ATTACK,timesteps,600
C04_HV_POWER_ATTACK,windows,589
C04_HV_POWER_ATTACK,measured_windows,120
C04_HV_POWER_ATTACK,feature_build_mean_ms,29465.821699999957
C04_HV_POWER_ATTACK,feature_build_median_ms,27866.81009999984
C04_HV_POWER_ATTACK,feature_build_p95_ms,37116.60762000002
C04_HV_POWER_ATTACK,feature_build_p99_ms,37938.81184400003
C04_HV_POWER_ATTACK,window_build_mean_ms,1.338233333323539
C04_HV_POWER_ATTACK,window_build_median_ms,1.0925999999926717
C04_HV_POWER_ATTACK,window_build_p95_ms,2.0552399999360205
C04_HV_POWER_ATTACK,window_build_p99_ms,2.140807999930985
C04_HV_POWER_ATTACK,feature_window_mean_ms,29467.159933333274
C04_HV_POWER_ATTACK,feature_window_p95_ms,37117.807179999996
C04_HV_POWER_ATTACK,feature_window_p99_ms,37939.92583600002
C04_HV_POWER_ATTACK,transformer_mean_ms,3.4734300000006137
C04_HV_POWER_ATTACK,transformer_median_ms,3.4344999999120773
C04_HV_POWER_ATTACK,transformer_p95_ms,4.246675000149479
C04_HV_POWER_ATTACK,transformer_p99_ms,5.2842270002020095
C04_HV_POWER_ATTACK,prediction_end_to_end_mean_ms,3.5788366666414126
C04_HV_POWER_ATTACK,prediction_end_to_end_median_ms,3.542499999866777
C04_HV_POWER_ATTACK,prediction_end_to_end_p95_ms,4.351209999913407
C04_HV_POWER_ATTACK,prediction_end_to_end_p99_ms,5.408918999978597
C04_HV_POWER_ATTACK,prediction_end_to_end_min_ms,2.791200000046956
C04_HV_POWER_ATTACK,prediction_end_to_end_max_ms,6.176199999572418
C04_HV_POWER_ATTACK,prediction_end_to_end_std_ms,0.5222743839606013
C04_HV_POWER_ATTACK,y3_mean,0.31444672619303066
C04_HV_POWER_ATTACK,y6_mean,0.9527447854479154
C04_HV_POWER_ATTACK,cpu_only,True
C04_HV_POWER_ATTACK,laboratory_only,True
C04_HV_POWER_ATTACK,direct_actuation,False
C04_HV_POWER_ATTACK,model_retraining,False
C05_BATTERY_THERMAL_ATTACK,records,9000
C05_BATTERY_THERMAL_ATTACK,timesteps,600
C05_BATTERY_THERMAL_ATTACK,windows,589
C05_BATTERY_THERMAL_ATTACK,measured_windows,120
C05_BATTERY_THERMAL_ATTACK,feature_build_mean_ms,27903.28590000005
C05_BATTERY_THERMAL_ATTACK,feature_build_median_ms,29069.836099999975
C05_BATTERY_THERMAL_ATTACK,feature_build_p95_ms,35878.938470000045
C05_BATTERY_THERMAL_ATTACK,feature_build_p99_ms,36484.19201400005
C05_BATTERY_THERMAL_ATTACK,window_build_mean_ms,1.6264333333613952
C05_BATTERY_THERMAL_ATTACK,window_build_median_ms,1.0000000002037268
C05_BATTERY_THERMAL_ATTACK,window_build_p95_ms,2.9151100000035512
C05_BATTERY_THERMAL_ATTACK,window_build_p99_ms,3.085341999985758
C05_BATTERY_THERMAL_ATTACK,feature_window_mean_ms,27904.912333333414
C05_BATTERY_THERMAL_ATTACK,feature_window_p95_ms,35880.151260000224
C05_BATTERY_THERMAL_ATTACK,feature_window_p99_ms,36485.23457200025
C05_BATTERY_THERMAL_ATTACK,transformer_mean_ms,2.653660833326891
C05_BATTERY_THERMAL_ATTACK,transformer_median_ms,2.5886500000069645
C05_BATTERY_THERMAL_ATTACK,transformer_p95_ms,3.319354999916868
C05_BATTERY_THERMAL_ATTACK,transformer_p99_ms,3.482269999781238
C05_BATTERY_THERMAL_ATTACK,prediction_end_to_end_mean_ms,2.7374333333417176
C05_BATTERY_THERMAL_ATTACK,prediction_end_to_end_median_ms,2.6734999999007414
C05_BATTERY_THERMAL_ATTACK,prediction_end_to_end_p95_ms,3.4020599996665624
C05_BATTERY_THERMAL_ATTACK,prediction_end_to_end_p99_ms,3.566711999887957
C05_BATTERY_THERMAL_ATTACK,prediction_end_to_end_min_ms,2.392600000348466
C05_BATTERY_THERMAL_ATTACK,prediction_end_to_end_max_ms,3.7545000000136497
C05_BATTERY_THERMAL_ATTACK,prediction_end_to_end_std_ms,0.27343994656999804
C05_BATTERY_THERMAL_ATTACK,y3_mean,0.31444672619303066
C05_BATTERY_THERMAL_ATTACK,y6_mean,0.9527447854479154
C05_BATTERY_THERMAL_ATTACK,cpu_only,True
C05_BATTERY_THERMAL_ATTACK,laboratory_only,True
C05_BATTERY_THERMAL_ATTACK,direct_actuation,False
C05_BATTERY_THERMAL_ATTACK,model_retraining,False
C06_HV_CONTACTOR_ATTACK,records,9000
C06_HV_CONTACTOR_ATTACK,timesteps,600
C06_HV_CONTACTOR_ATTACK,windows,589
C06_HV_CONTACTOR_ATTACK,measured_windows,120
C06_HV_CONTACTOR_ATTACK,feature_build_mean_ms,34488.39136666659
C06_HV_CONTACTOR_ATTACK,feature_build_median_ms,34903.216100000005
C06_HV_CONTACTOR_ATTACK,feature_build_p95_ms,36269.016409999946
C06_HV_CONTACTOR_ATTACK,feature_build_p99_ms,36390.42088199994
C06_HV_CONTACTOR_ATTACK,window_build_mean_ms,1.2973999999606651
C06_HV_CONTACTOR_ATTACK,window_build_median_ms,1.3314000002537796
C06_HV_CONTACTOR_ATTACK,window_build_p95_ms,1.3574099998095335
C06_HV_CONTACTOR_ATTACK,window_build_p99_ms,1.359721999770045
C06_HV_CONTACTOR_ATTACK,feature_window_mean_ms,34489.68876666656
C06_HV_CONTACTOR_ATTACK,feature_window_p95_ms,36270.334720000166
C06_HV_CONTACTOR_ATTACK,feature_window_p99_ms,36391.74966400019
C06_HV_CONTACTOR_ATTACK,transformer_mean_ms,2.72551583331051
C06_HV_CONTACTOR_ATTACK,transformer_median_ms,2.5566000001617795
C06_HV_CONTACTOR_ATTACK,transformer_p95_ms,3.405340000176693
C06_HV_CONTACTOR_ATTACK,transformer_p99_ms,3.919595000152186
C06_HV_CONTACTOR_ATTACK,prediction_end_to_end_mean_ms,2.8109408333269434
C06_HV_CONTACTOR_ATTACK,prediction_end_to_end_median_ms,2.6443500000823406
C06_HV_CONTACTOR_ATTACK,prediction_end_to_end_p95_ms,3.486479999742187
C06_HV_CONTACTOR_ATTACK,prediction_end_to_end_p99_ms,4.051789000236568
C06_HV_CONTACTOR_ATTACK,prediction_end_to_end_min_ms,2.227999999831809
C06_HV_CONTACTOR_ATTACK,prediction_end_to_end_max_ms,4.365899999811518
C06_HV_CONTACTOR_ATTACK,prediction_end_to_end_std_ms,0.4242226937623708
C06_HV_CONTACTOR_ATTACK,y3_mean,0.31444672619303066
C06_HV_CONTACTOR_ATTACK,y6_mean,0.9527447854479154
C06_HV_CONTACTOR_ATTACK,cpu_only,True
C06_HV_CONTACTOR_ATTACK,laboratory_only,True
C06_HV_CONTACTOR_ATTACK,direct_actuation,False
C06_HV_CONTACTOR_ATTACK,model_retraining,False
C07_HEARTBEAT_INTEGRITY_ATTACK,records,9000
C07_HEARTBEAT_INTEGRITY_ATTACK,timesteps,600
C07_HEARTBEAT_INTEGRITY_ATTACK,windows,589
C07_HEARTBEAT_INTEGRITY_ATTACK,measured_windows,120
C07_HEARTBEAT_INTEGRITY_ATTACK,feature_build_mean_ms,34708.292966666704
C07_HEARTBEAT_INTEGRITY_ATTACK,feature_build_median_ms,33577.2778999999
C07_HEARTBEAT_INTEGRITY_ATTACK,feature_build_p95_ms,37549.03145000003
C07_HEARTBEAT_INTEGRITY_ATTACK,feature_build_p99_ms,37902.07621000004
C07_HEARTBEAT_INTEGRITY_ATTACK,window_build_mean_ms,1.4450333331600025
C07_HEARTBEAT_INTEGRITY_ATTACK,window_build_median_ms,1.0638999997354404
C07_HEARTBEAT_INTEGRITY_ATTACK,window_build_p95_ms,2.194930000041495
C07_HEARTBEAT_INTEGRITY_ATTACK,window_build_p99_ms,2.2954660000687
C07_HEARTBEAT_INTEGRITY_ATTACK,feature_window_mean_ms,34709.73799999987
C07_HEARTBEAT_INTEGRITY_ATTACK,feature_window_p95_ms,37550.2210199998
C07_HEARTBEAT_INTEGRITY_ATTACK,feature_window_p99_ms,37903.165243999785
C07_HEARTBEAT_INTEGRITY_ATTACK,transformer_mean_ms,3.636671666674829
C07_HEARTBEAT_INTEGRITY_ATTACK,transformer_median_ms,3.5048500001266802
C07_HEARTBEAT_INTEGRITY_ATTACK,transformer_p95_ms,4.274319999990438
C07_HEARTBEAT_INTEGRITY_ATTACK,transformer_p99_ms,6.816596999906327
C07_HEARTBEAT_INTEGRITY_ATTACK,prediction_end_to_end_mean_ms,3.7319025000291126
C07_HEARTBEAT_INTEGRITY_ATTACK,prediction_end_to_end_median_ms,3.59054999989894
C07_HEARTBEAT_INTEGRITY_ATTACK,prediction_end_to_end_p95_ms,4.392639999696256
C07_HEARTBEAT_INTEGRITY_ATTACK,prediction_end_to_end_p99_ms,6.973241000118836
C07_HEARTBEAT_INTEGRITY_ATTACK,prediction_end_to_end_min_ms,3.0273000002125627
C07_HEARTBEAT_INTEGRITY_ATTACK,prediction_end_to_end_max_ms,8.810299999822746
C07_HEARTBEAT_INTEGRITY_ATTACK,prediction_end_to_end_std_ms,0.6924904398147165
C07_HEARTBEAT_INTEGRITY_ATTACK,y3_mean,0.31444672619303066
C07_HEARTBEAT_INTEGRITY_ATTACK,y6_mean,0.9527447854479154
C07_HEARTBEAT_INTEGRITY_ATTACK,cpu_only,True
C07_HEARTBEAT_INTEGRITY_ATTACK,laboratory_only,True
C07_HEARTBEAT_INTEGRITY_ATTACK,direct_actuation,False
C07_HEARTBEAT_INTEGRITY_ATTACK,model_retraining,False
C08_SEQUENCE_GATEWAY_ATTACK,records,9000
C08_SEQUENCE_GATEWAY_ATTACK,timesteps,600
C08_SEQUENCE_GATEWAY_ATTACK,windows,589
C08_SEQUENCE_GATEWAY_ATTACK,measured_windows,120
C08_SEQUENCE_GATEWAY_ATTACK,feature_build_mean_ms,35023.48506666658
C08_SEQUENCE_GATEWAY_ATTACK,feature_build_median_ms,35313.657700000025
C08_SEQUENCE_GATEWAY_ATTACK,feature_build_p95_ms,35663.803329999704
C08_SEQUENCE_GATEWAY_ATTACK,feature_build_p99_ms,35694.927385999676
C08_SEQUENCE_GATEWAY_ATTACK,window_build_mean_ms,1.14379999998467
C08_SEQUENCE_GATEWAY_ATTACK,window_build_median_ms,1.1746000000130152
C08_SEQUENCE_GATEWAY_ATTACK,window_build_p95_ms,1.241740000068603
C08_SEQUENCE_GATEWAY_ATTACK,window_build_p99_ms,1.247708000073544
C08_SEQUENCE_GATEWAY_ATTACK,feature_window_mean_ms,35024.62886666657
C08_SEQUENCE_GATEWAY_ATTACK,feature_window_p95_ms,35665.02836999975
C08_SEQUENCE_GATEWAY_ATTACK,feature_window_p99_ms,35696.17175399974
C08_SEQUENCE_GATEWAY_ATTACK,transformer_mean_ms,2.8076558333092785
C08_SEQUENCE_GATEWAY_ATTACK,transformer_median_ms,2.749650000168913
C08_SEQUENCE_GATEWAY_ATTACK,transformer_p95_ms,3.4701499995890117
C08_SEQUENCE_GATEWAY_ATTACK,transformer_p99_ms,3.770279999957893
C08_SEQUENCE_GATEWAY_ATTACK,prediction_end_to_end_mean_ms,2.8973208333089437
C08_SEQUENCE_GATEWAY_ATTACK,prediction_end_to_end_median_ms,2.839249999851745
C08_SEQUENCE_GATEWAY_ATTACK,prediction_end_to_end_p95_ms,3.581505000056495
C08_SEQUENCE_GATEWAY_ATTACK,prediction_end_to_end_p99_ms,3.867100999932518
C08_SEQUENCE_GATEWAY_ATTACK,prediction_end_to_end_min_ms,2.3391999998239044
C08_SEQUENCE_GATEWAY_ATTACK,prediction_end_to_end_max_ms,5.069899999853078
C08_SEQUENCE_GATEWAY_ATTACK,prediction_end_to_end_std_ms,0.41612817593771423
C08_SEQUENCE_GATEWAY_ATTACK,y3_mean,0.31444672619303066
C08_SEQUENCE_GATEWAY_ATTACK,y6_mean,0.9527447854479154
C08_SEQUENCE_GATEWAY_ATTACK,cpu_only,True
C08_SEQUENCE_GATEWAY_ATTACK,laboratory_only,True
C08_SEQUENCE_GATEWAY_ATTACK,direct_actuation,False
C08_SEQUENCE_GATEWAY_ATTACK,model_retraining,False
C09_RESTRAINT_DOMAIN_ATTACK,records,9000
C09_RESTRAINT_DOMAIN_ATTACK,timesteps,600
C09_RESTRAINT_DOMAIN_ATTACK,windows,589
C09_RESTRAINT_DOMAIN_ATTACK,measured_windows,120
C09_RESTRAINT_DOMAIN_ATTACK,feature_build_mean_ms,33373.8008666669
C09_RESTRAINT_DOMAIN_ATTACK,feature_build_median_ms,33470.32179999996
C09_RESTRAINT_DOMAIN_ATTACK,feature_build_p95_ms,34094.503300000266
C09_RESTRAINT_DOMAIN_ATTACK,feature_build_p99_ms,34149.98610000029
C09_RESTRAINT_DOMAIN_ATTACK,window_build_mean_ms,1.1146999998648728
C09_RESTRAINT_DOMAIN_ATTACK,window_build_median_ms,1.0693999997783976
C09_RESTRAINT_DOMAIN_ATTACK,window_build_p95_ms,1.2046699996517418
C09_RESTRAINT_DOMAIN_ATTACK,window_build_p99_ms,1.2166939996404835
C09_RESTRAINT_DOMAIN_ATTACK,feature_window_mean_ms,33374.91556666676
C09_RESTRAINT_DOMAIN_ATTACK,feature_window_p95_ms,34095.571260000084
C09_RESTRAINT_DOMAIN_ATTACK,feature_window_p99_ms,34151.05521200008
C09_RESTRAINT_DOMAIN_ATTACK,transformer_mean_ms,2.5679949999698692
C09_RESTRAINT_DOMAIN_ATTACK,transformer_median_ms,2.4447000000691332
C09_RESTRAINT_DOMAIN_ATTACK,transformer_p95_ms,3.126404999625265
C09_RESTRAINT_DOMAIN_ATTACK,transformer_p99_ms,3.4156809999103643
C09_RESTRAINT_DOMAIN_ATTACK,prediction_end_to_end_mean_ms,2.651389999986501
C09_RESTRAINT_DOMAIN_ATTACK,prediction_end_to_end_median_ms,2.520300000014686
C09_RESTRAINT_DOMAIN_ATTACK,prediction_end_to_end_p95_ms,3.206535000299482
C09_RESTRAINT_DOMAIN_ATTACK,prediction_end_to_end_p99_ms,3.5100789999069093
C09_RESTRAINT_DOMAIN_ATTACK,prediction_end_to_end_min_ms,2.2840999999971245
C09_RESTRAINT_DOMAIN_ATTACK,prediction_end_to_end_max_ms,3.9065999999365886
C09_RESTRAINT_DOMAIN_ATTACK,prediction_end_to_end_std_ms,0.2918521159179062
C09_RESTRAINT_DOMAIN_ATTACK,y3_mean,0.31444672619303066
C09_RESTRAINT_DOMAIN_ATTACK,y6_mean,0.9527447854479154
C09_RESTRAINT_DOMAIN_ATTACK,cpu_only,True
C09_RESTRAINT_DOMAIN_ATTACK,laboratory_only,True
C09_RESTRAINT_DOMAIN_ATTACK,direct_actuation,False
C09_RESTRAINT_DOMAIN_ATTACK,model_retraining,False
C10_MULTI_DOMAIN_ATTACK,records,9000
C10_MULTI_DOMAIN_ATTACK,timesteps,600
C10_MULTI_DOMAIN_ATTACK,windows,589
C10_MULTI_DOMAIN_ATTACK,measured_windows,120
C10_MULTI_DOMAIN_ATTACK,feature_build_mean_ms,31211.204366666916
C10_MULTI_DOMAIN_ATTACK,feature_build_median_ms,33423.77090000037
C10_MULTI_DOMAIN_ATTACK,feature_build_p95_ms,34519.3471100004
C10_MULTI_DOMAIN_ATTACK,feature_build_p99_ms,34616.731662000406
C10_MULTI_DOMAIN_ATTACK,window_build_mean_ms,1.0911999999431525
C10_MULTI_DOMAIN_ATTACK,window_build_median_ms,0.8745000000089931
C10_MULTI_DOMAIN_ATTACK,window_build_p95_ms,1.553369999737697
C10_MULTI_DOMAIN_ATTACK,window_build_p99_ms,1.6137139997135819
C10_MULTI_DOMAIN_ATTACK,feature_window_mean_ms,31212.295566666853
C10_MULTI_DOMAIN_ATTACK,feature_window_p95_ms,34520.900480000135
C10_MULTI_DOMAIN_ATTACK,feature_window_p99_ms,34618.345376000114
C10_MULTI_DOMAIN_ATTACK,transformer_mean_ms,1.3487808333479734
C10_MULTI_DOMAIN_ATTACK,transformer_median_ms,1.4171499999520165
C10_MULTI_DOMAIN_ATTACK,transformer_p95_ms,1.8647349998673235
C10_MULTI_DOMAIN_ATTACK,transformer_p99_ms,2.157255000197438
C10_MULTI_DOMAIN_ATTACK,prediction_end_to_end_mean_ms,1.4077525000288915
C10_MULTI_DOMAIN_ATTACK,prediction_end_to_end_median_ms,1.4816499999597
C10_MULTI_DOMAIN_ATTACK,prediction_end_to_end_p95_ms,1.9398450001062884
C10_MULTI_DOMAIN_ATTACK,prediction_end_to_end_p99_ms,2.230202000200735
C10_MULTI_DOMAIN_ATTACK,prediction_end_to_end_min_ms,0.8724000003894616
C10_MULTI_DOMAIN_ATTACK,prediction_end_to_end_max_ms,2.4113999998007785
C10_MULTI_DOMAIN_ATTACK,prediction_end_to_end_std_ms,0.3088112970176744
C10_MULTI_DOMAIN_ATTACK,y3_mean,0.31444672619303066
C10_MULTI_DOMAIN_ATTACK,y6_mean,0.9527447854479154
C10_MULTI_DOMAIN_ATTACK,cpu_only,True
C10_MULTI_DOMAIN_ATTACK,laboratory_only,True
C10_MULTI_DOMAIN_ATTACK,direct_actuation,False
C10_MULTI_DOMAIN_ATTACK,model_retraining,False
S00_NORMAL_BASELINE,records,9000
S00_NORMAL_BASELINE,timesteps,600
S00_NORMAL_BASELINE,windows,589
S00_NORMAL_BASELINE,measured_windows,120
S00_NORMAL_BASELINE,feature_build_mean_ms,31541.39113333319
S00_NORMAL_BASELINE,feature_build_median_ms,31750.140799999826
S00_NORMAL_BASELINE,feature_build_p95_ms,32053.282399999807
S00_NORMAL_BASELINE,feature_build_p99_ms,32080.228319999806
S00_NORMAL_BASELINE,window_build_mean_ms,0.9832999999161984
S00_NORMAL_BASELINE,window_build_median_ms,1.0121000000253844
S00_NORMAL_BASELINE,window_build_p95_ms,1.0312699998848984
S00_NORMAL_BASELINE,window_build_p99_ms,1.0329739998724108
S00_NORMAL_BASELINE,feature_window_mean_ms,31542.3744333331
S00_NORMAL_BASELINE,feature_window_p95_ms,32054.197569999676
S00_NORMAL_BASELINE,feature_window_p99_ms,32081.13487399966
S00_NORMAL_BASELINE,transformer_mean_ms,2.9249916666647855
S00_NORMAL_BASELINE,transformer_median_ms,2.7311500000450906
S00_NORMAL_BASELINE,transformer_p95_ms,3.643235000254208
S00_NORMAL_BASELINE,transformer_p99_ms,3.7222319998681996
S00_NORMAL_BASELINE,prediction_end_to_end_mean_ms,3.012374999991607
S00_NORMAL_BASELINE,prediction_end_to_end_median_ms,2.818749999960346
S00_NORMAL_BASELINE,prediction_end_to_end_p95_ms,3.7331850002374267
S00_NORMAL_BASELINE,prediction_end_to_end_p99_ms,3.8099419998161466
S00_NORMAL_BASELINE,prediction_end_to_end_min_ms,2.377400000113994
S00_NORMAL_BASELINE,prediction_end_to_end_max_ms,4.250700000284269
S00_NORMAL_BASELINE,prediction_end_to_end_std_ms,0.4472730158580173
S00_NORMAL_BASELINE,y3_mean,0.31444672619303066
S00_NORMAL_BASELINE,y6_mean,0.9527447854479154
S00_NORMAL_BASELINE,cpu_only,True
S00_NORMAL_BASELINE,laboratory_only,True
S00_NORMAL_BASELINE,direct_actuation,False
S00_NORMAL_BASELINE,model_retraining,False
